canonical_venue,n_pitches,ivb_offset,hb_offset,total_offset,n_pitchers,owner_team,is_neutral,elevation_ft,confidence,ivb_calib,hb_calib,total_calib,hb_calib_new,src,hb_calib_v2,total_calib_v2
TDAmeritrade,19782,-0.838,0.236,-0.951,311,NEUTRAL,true,1090,high,-0.722,0.285,0.776,0.273,split,0.273,0.772
Arlington,17466,0.282,-0.29,0.438,362,NEUTRAL,true,600,high,0.222,-0.314,0.385,-0.277,split,-0.277,0.355
BaumStadium,17440,-0.426,0.387,-0.535,233,ARK_RAZ,false,1400,high,-0.199,0.481,0.521,0.49,split,0.49,0.529
UGeorgia,16926,-0.058,0.208,-0.11,255,GEO_BUL,false,700,high,-0.082,0.199,0.215,0.175,split,0.175,0.193
UNC,16777,-0.436,0.248,-0.016,240,NOR_TAR,false,500,high,-0.532,0.209,0.572,0.293,split,0.293,0.607
OleMiss,16557,-0.131,-0.035,0.045,236,OLE_REB,false,500,high,-0.227,-0.074,0.239,-0.037,split,-0.037,0.23
LindseyNelsonStadium,15945,0.002,0.449,-0.564,209,TEN_VOL,false,890,high,0.046,0.468,0.47,0.465,split,0.465,0.467
PlainsmanPark,15741,0.354,-0.019,0.244,217,AUB_TIG,false,700,high,0.33,-0.028,0.331,-0.001,split,-0.001,0.33
PKPark,15261,0.155,0.281,0.456,196,ORE_DUC,false,430,high,0.034,0.232,0.234,0.182,split,0.182,0.185
KingsmoreStadium,15074,-0.32,0.005,-0.17,229,CLE_TIG,false,800,high,-0.308,0.011,0.308,-0.075,split,-0.075,0.317
UCLA,15039,1.148,0.007,1.24,190,UCLA,false,400,high,1.017,-0.046,1.018,-0.329,split,-0.329,1.069
LSU,13936,0.249,-0.375,0.468,204,LSU_TIG,false,56,high,-0.006,-0.479,0.479,-0.473,split,-0.473,0.473
DoakField,13770,-0.04,0.434,0.797,212,NOR_WOL,false,315,high,-0.202,0.368,0.42,0.367,split,0.367,0.419
UKentucky,13740,0.034,0.243,-0.26,198,KEN_WIL,false,980,high,0.111,0.275,0.297,0.15,split,0.15,0.187
Texas,13639,0.194,-0.082,-0.64,189,TEX_LON,false,490,high,0.095,-0.122,0.155,0.05,split,0.05,0.107
DickHowserStadium,13632,-0.011,0.467,-0.094,209,FLO_SEM,false,200,high,-0.214,0.384,0.44,0.382,split,0.382,0.438
BrighamYoung,13375,-1.153,-0.521,-2.849,166,BYU_COU,false,4649,high,0.24,0.053,0.246,-0.094,split,-0.094,0.258
JackCoombs,13338,0.081,-0.395,0.535,188,DUK_BLU,false,404,high,-0.049,-0.448,0.451,-0.454,split,-0.454,0.457
JimPatterson,13180,0.573,0.198,0.539,196,LOU_CAR,false,466,high,0.465,0.154,0.49,0.216,split,0.216,0.513
Vanderbilt,13039,-0.091,-0.222,0.233,187,VAN_COM,false,597,high,-0.152,-0.246,0.289,-0.283,split,-0.283,0.321
Olsen,12382,-0.138,-0.402,-0.069,180,TEX_AGG,false,320,high,-0.298,-0.467,0.554,-0.445,split,-0.445,0.536
GossStadium,12291,-0.228,0.068,0.374,170,ORE_BEA,false,235,high,-0.419,-0.01,0.419,-0.166,split,-0.166,0.451
UofMiami,12106,0.509,0.586,0.945,176,MIA_HUR,false,10,high,0.238,0.475,0.531,0.482,split,0.482,0.538
Baylor,12090,0.377,-0.289,0.209,153,BAY_BEA,false,482,high,0.275,-0.33,0.43,-0.285,split,-0.285,0.396
DavenportField,12009,0.219,0.154,0.555,182,VIR_CAV,false,600,high,0.159,0.13,0.205,0.08,split,0.08,0.178
TCU,11891,-0.256,0.074,-0.638,173,TCU_HFG,false,666,high,-0.292,0.06,0.298,0.148,split,0.148,0.327
DanLawField,11860,-1.542,-0.611,-2.532,153,TEX_RAI,false,3219,high,-0.662,-0.248,0.707,0.062,split,0.062,0.665
CalBerkeley,11808,-0.032,0.163,0.73,168,CAL_BEA,false,170,high,-0.246,0.076,0.257,0.017,split,0.017,0.247
UNebraska,11734,-0.198,-0.465,-0.384,173,NEB,false,1201,high,-0.042,-0.4,0.402,-0.434,split,-0.434,0.436
UofOklahoma,11626,0.209,0.066,-0.459,159,OKL_SOO,false,1171,high,0.354,0.127,0.376,0.137,split,0.137,0.38
KleinField,11381,0.746,0.056,1.331,139,STA_CAR,false,60,high,0.493,-0.048,0.495,-0.247,split,-0.247,0.551
UArizona,11364,-0.747,-0.346,-1.896,156,ARI_WIL,false,2643,high,-0.073,-0.068,0.1,0.229,split,0.229,0.24
UofHouston,11359,0.689,0.046,0.046,148,HOU_COU,false,50,high,0.432,-0.059,0.436,-0.097,split,-0.097,0.443
David F. Couch Ballpark,11339,0.424,-0.07,0.501,164,WAK_DEA,false,970,high,0.497,-0.039,0.499,-0.061,split,-0.061,0.501
MichiganState,11239,0.383,-0.555,0.516,140,MIC_SPA,false,860,high,0.417,-0.54,0.682,-0.688,split,-0.688,0.805
TaylorStadium,11177,0.017,-0.166,-0.056,147,MIZ_TIG,false,758,high,0.014,-0.166,0.167,-0.164,split,-0.164,0.165
Smith's Ballpark,10995,-0.788,-0.499,-2.546,135,UTA_UTE,false,4230,high,0.455,0.013,0.455,0.221,split,0.221,0.506
GeorgiaTech,10977,-0.118,-0.061,0.219,170,GIT_YEL,false,1050,high,-0.016,-0.018,0.024,-0.078,split,-0.078,0.08
Monongalia County Ballpark,10850,0.231,0.326,-0.343,147,WES_MOU,false,900,high,0.279,0.346,0.444,0.367,split,0.367,0.461
KansasUniversity,10836,-0.427,-0.239,-0.363,157,KAN_JAY,false,866,high,-0.391,-0.224,0.451,-0.036,split,-0.036,0.393
UofSouthCarolina,10822,0.285,0.164,0.423,131,SOU_GAM,false,290,high,0.114,0.094,0.148,0.039,split,0.039,0.12
FrankEck,10630,-0.086,-0.367,0.595,167,NOT_IRI,false,720,high,-0.103,-0.373,0.387,-0.496,split,-0.496,0.507
Sewell-Thomas Stadium,10610,0.496,0.215,0.245,136,ALA_CRI,false,230,high,0.304,0.137,0.333,0.237,split,0.237,0.385
UCincinnati,10354,-0.566,-0.949,-0.557,149,CIN_BEA,false,490,high,-0.665,-0.989,1.192,-0.816,split,-0.816,1.053
NickSwisherField,10348,-0.652,-0.619,-0.499,134,OSU_BUC,false,760,high,-0.654,-0.619,0.9,-0.557,split,-0.557,0.859
OKState,10324,0.554,0.016,-0.087,143,OKL_COW,false,896,high,0.601,0.036,0.602,0.089,split,0.089,0.608
MSST,10015,0.381,0.133,-0.105,141,MSU_BDG,false,330,high,0.224,0.069,0.234,0.115,split,0.115,0.252
HarringtonVillage,9853,0.441,-0.132,1.397,145,BOC_EAG,false,130,high,0.213,-0.225,0.31,-0.104,split,-0.104,0.237
SpringsBrooksStadium,9540,0.709,0.614,0.693,167,COA_CHA,false,30,high,0.445,0.506,0.674,0.794,split,0.794,0.91
PurdueUniversity,9403,-0.131,-0.596,0.017,140,PUR_BOI,false,600,high,-0.191,-0.62,0.649,-0.813,split,-0.813,0.835
BaintonField,9156,-0.0,0.638,0.882,129,RUT_SCA,false,80,high,-0.246,0.537,0.591,0.53,split,0.53,0.584
DuaneBanks,8952,-0.156,0.03,0.288,117,IOW_HAW,false,668,high,-0.191,0.016,0.192,-0.134,split,-0.134,0.233
BobSmithStadium,8902,0.245,-0.835,0.596,122,MAR_TER,false,80,medium,-0.001,-0.936,0.936,-0.507,split,-0.507,0.507
RayFisher,8780,-0.426,-0.046,-0.661,134,MIC_WOL,false,840,high,-0.399,-0.034,0.4,0.08,split,0.08,0.407
VATech,8769,-0.353,0.074,-0.511,123,VIR_TEC,false,2080,high,0.118,0.269,0.294,0.214,split,0.214,0.244
Bart Kaufman Field,8688,0.134,0.351,-0.364,137,IU,false,750,high,0.128,0.349,0.372,0.41,split,0.41,0.43
JohnEulianoPark,8479,-0.297,0.146,0.147,123,UCF_KNI,false,100,high,-0.536,0.048,0.538,-0.041,split,-0.041,0.538
KansasState,8449,-0.443,-0.42,-0.319,124,KAN_WIL,false,1033,high,-0.347,-0.38,0.515,-0.524,split,-0.524,0.628
SiebertField,8396,0.204,0.39,0.269,120,MIN_GOL,false,830,high,0.227,0.4,0.46,0.287,split,0.287,0.366
Northwestern,8213,-0.381,0.287,0.118,102,NOR_CAT,false,600,high,-0.441,0.263,0.513,0.157,split,0.157,0.468
OrangeCountyGreatParkStadium,8087,-0.008,-0.185,0.111,117,SOU_TRO,false,180,high,-0.218,-0.271,0.348,-0.363,split,-0.363,0.423
LubranoPark,7923,0.072,-0.165,-0.021,106,PEN_NIT,false,1165,high,0.215,-0.105,0.239,-0.19,split,-0.19,0.287
IllinoisField,7314,-0.156,-0.667,0.131,113,ILL_ILL,false,740,high,-0.165,-0.67,0.69,-0.595,split,-0.595,0.617
UofWashington,7301,0.375,0.76,0.977,81,WAS_HUS,false,175,high,0.163,0.673,0.692,0.548,split,0.548,0.572
PhoenixMunicipal,6769,-0.204,-0.341,-0.838,105,ARI_SUN,false,1150,high,-0.066,-0.284,0.292,-0.432,split,-0.432,0.437
ClarkLeClair,6365,0.28,0.304,0.839,116,ECU_PIR,false,60,high,0.027,0.2,0.202,0.232,split,0.232,0.234
CondronBallpark,6016,0.409,0.484,0.186,91,FLA_GAT,false,180,high,0.199,0.398,0.445,0.747,split,0.747,0.773
HillDensonField,5467,-0.161,0.326,-0.155,94,SOU_GOL,false,160,high,-0.379,0.237,0.447,0.362,split,0.362,0.524
Melching Field,5423,0.44,-0.007,0.539,97,STE_HAT,false,50,high,0.183,-0.112,0.215,-0.05,split,-0.05,0.19
CharlesCost,5051,-0.298,-0.51,0.128,70,PIT_PAN,false,1000,high,-0.214,-0.475,0.521,-0.663,split,-0.663,0.697
DurhamAthleticPark,4746,0.718,-0.015,0.542,111,NEUTRAL,true,404,high,0.588,-0.068,0.592,-0.174,split,-0.174,0.613
FluorField,3036,-0.47,1.108,-0.324,63,MIC_SPA,false,970,high,-0.397,1.139,1.206,0.275,split,0.275,0.483
PeteBeidenField,2699,1.325,1.091,1.635,55,FRE_BUL,false,308,high,1.161,1.024,1.548,0.928,split,0.928,1.486
LouisianaLafayette,2680,-0.332,0.574,0.24,49,LOU_CAJ,false,36,high,-0.594,0.467,0.756,0.66,split,0.66,0.888
EastTennesseeState,2614,-0.279,-0.165,0.438,49,ETS_BUC,false,1610,high,0.024,-0.04,0.047,-0.3,split,-0.3,0.301
121Financial,2525,0.078,0.206,1.356,64,NEUTRAL,true,16,high,-0.191,0.096,0.214,0.147,split,0.147,0.241
BaggettStadium,2162,0.664,0.138,1.477,32,CAL_MUS,false,370,high,0.522,0.08,0.528,-0.036,split,-0.036,0.523
CaesarUyesaka,2056,0.656,0.403,1.144,36,SAN_GAU,false,30,high,0.392,0.295,0.491,0.26,split,0.26,0.47
JCLoveFieldatPatPattersonPark,1970,-0.244,-0.296,0.411,50,LOU_BUL,false,320,high,-0.404,-0.361,0.542,-0.436,split,-0.436,0.594
EvansvilleU,1611,0.165,0.743,-0.293,30,EVA_ACE,false,384,high,0.028,0.687,0.688,0.616,split,0.616,0.617
McKieFieldStad,1497,-0.047,-0.029,0.659,39,MIA_RED,false,940,high,0.015,-0.003,0.015,-0.092,split,-0.092,0.093
DrPepper,1444,0.534,-0.268,-0.414,42,NEUTRAL,true,640,high,0.489,-0.286,0.566,-0.274,split,-0.274,0.561
BrooksField,1361,-0.279,0.476,0.758,36,UNC_SEA,false,30,high,-0.543,0.368,0.656,0.693,split,0.693,0.88
TheDiamond,1246,0.495,-0.689,0.52,33,VCU_RAM,false,200,high,0.292,-0.772,0.825,-0.672,split,-0.672,0.733
CriollosDeCagua,1201,-0.22,-0.609,-0.16,20,NEUTRAL,true,213,medium,-0.418,-0.69,0.807,-0.476,split,-0.476,0.633
EagleFieldJMU,1136,0.903,0.958,0.45,29,JMU_DUK,false,1325,high,1.104,1.041,1.517,0.692,split,0.692,1.303
Robertson Field,1037,0.766,0.061,1.364,31,COL_LION,false,50,medium,0.509,-0.044,0.511,0.439,rhp_only,0.439,0.672
LoyolaMarymount,1031,0.622,2.039,1.432,28,LOY_LIO,false,160,high,0.404,1.95,1.991,1.177,rhp_only,1.177,1.244
HarleyPark,1000,1.363,-0.336,1.912,28,USC_UPS,false,860,high,1.397,-0.321,1.433,0.07,rhp_only,0.07,1.399
Tulane,889,-0.018,0.474,-1.012,17,TUL_GRE,false,7,high,-0.29,0.363,0.465,0.957,rhp_only,0.957,1.0
BinghamtonUniversity,845,1.32,1.567,1.707,17,BIN_BEA,false,870,high,1.357,1.583,2.085,1.629,rhp_only,1.629,2.12
GoodwinField,845,0.655,0.429,1.368,17,CAL_FUL,false,160,high,0.437,0.34,0.554,0.186,split,0.186,0.475
USABBCary3,762,0.54,0.229,0.917,20,NEUTRAL,true,495,high,0.443,0.19,0.482,0.621,rhp_only,0.621,0.763
UCCUBallpark,650,-1.499,-0.174,-2.624,25,UTA_WOL,false,4756,high,-0.067,0.416,0.421,-0.364,rhp_only,-0.364,0.37
HooverMetropolitan,628,-0.325,-0.977,-1.151,17,NEUTRAL,true,620,high,-0.377,-0.998,1.067,-1.615,rhp_only,-1.615,1.658
RonaldGallagherStad,620,-0.543,-0.632,0.602,20,STM_GAE,false,500,high,-0.639,-0.671,0.927,-0.317,rhp_only,-0.317,0.713
USFBaseballStadium,618,-0.108,0.466,0.331,17,USF_BUL,false,48,high,-0.366,0.361,0.514,0.449,split,0.449,0.579
USABBCary0,574,1.132,-0.158,1.729,15,PEN_NIT,false,495,high,1.035,-0.197,1.054,-0.311,rhp_only,-0.311,1.081
WhataburgerField,558,0.146,-0.42,0.341,12,NEUTRAL,true,7,high,-0.126,-0.531,0.546,-0.339,rhp_only,-0.339,0.362
HighPointUniversity,387,-0.248,-0.566,-0.042,17,HIG_PAN,false,920,high,-0.193,-0.543,0.576,-0.627,rhp_only,-0.627,0.656
JackKaiser,317,-1.24,-1.642,0.398,11,STJ_RED,false,60,high,-1.493,-1.746,2.297,-1.547,rhp_only,-1.547,2.15
NischwitzField,317,-1.241,1.412,-1.608,14,WRI_RAI,false,870,high,-1.204,1.428,1.868,0.91,rhp_only,0.91,1.509
FranciscoMontaner,282,0.511,-0.176,-0.299,10,NEUTRAL,true,49,medium,0.254,-0.281,0.379,-0.459,rhp_only,-0.459,0.525
UTSanAntonio,281,2.146,1.193,1.399,9,UTS_ROA,false,650,high,2.104,1.177,2.411,1.423,rhp_only,1.423,2.54
NickDenesField,276,-0.885,0.929,-0.398,12,WES_HIL,false,547,high,-0.964,0.897,1.317,1.336,rhp_only,1.336,1.647
NewFredericksburgBallpark,275,0.355,-0.391,0.77,12,VIR_CAV,false,50,medium,0.098,-0.496,0.506,-0.348,rhp_only,-0.348,0.362
RonTonkinField,275,-0.51,0.172,0.011,11,ORE_BEA,false,195,medium,-0.715,0.088,0.72,0.192,rhp_only,0.192,0.74
JacksonField,271,0.524,-0.29,0.43,10,MIC_SPA,false,830,medium,0.547,-0.28,0.614,-0.419,rhp_only,-0.419,0.689
Riverwalk,269,-0.473,-0.29,-0.787,10,NEUTRAL,true,180,medium,-0.683,-0.376,0.78,-0.04,rhp_only,-0.04,0.684
BenedettiDiamond,258,-0.406,1.698,-0.738,6,SAN_DON,false,250,high,-0.591,1.623,1.727,-0.376,rhp_only,-0.376,0.7
Surprise,258,0.008,0.348,-0.023,7,NEUTRAL,true,1150,medium,0.146,0.405,0.431,-0.205,rhp_only,-0.205,0.252
ArmyWestPoint,253,-0.191,0.84,-0.255,9,ARM_BLA,false,50,high,-0.448,0.735,0.861,0.363,rhp_only,0.363,0.577
prascopark,107,1.353,0.583,0.334,5,NEUTRAL,true,800,medium,1.365,0.589,1.487,0.869,rhp_only,0.869,1.618
