raw_stadium,canonical_venue,owner_team,is_neutral,n_pitches,n_games,n_home_teams,merged_from
WilsonField,WilsonField,DAV_WIL,false,50583,303,10,""
TDAmeritrade,TDAmeritrade,NEUTRAL,true,32487,108,26,""
AlumniField,AlumniField,SOU_LIO,false,30965,99,9,""
LindseyNelsonStadium,LindseyNelsonStadium,TEN_VOL,false,28579,95,8,""
UNC,UNC,NOR_TAR,false,26306,85,7,""
BaumStadium,BaumStadium,ARK_RAZ,false,25304,86,8,""
LSU,LSU,LSU_TIG,false,25262,81,5,""
MelchingFielda,Melching Field,STE_HAT,false,24962,82,11,""
KingsmoreStadium,KingsmoreStadium,CLE_TIG,false,24412,80,7,""
UGeorgia,UGeorgia,GEO_BUL,false,24240,74,6,""
Texas,Texas,TEX_LON,false,23239,76,3,""
Liberty,Liberty,LIB_FLA,false,23010,73,6,""
OleMiss,OleMiss,OLE_REB,false,22945,71,4,""
DickHowserStadium,DickHowserStadium,FLO_SEM,false,22847,76,8,""
PKPark,PKPark,ORE_DUC,false,22629,72,4,""
JackCoombs,JackCoombs,DUK_BLU,false,22541,72,2,""
SwellThomasStadium,Sewell-Thomas Stadium,ALA_CRI,false,22480,65,1,""
BrooksField,BrooksField,UNC_SEA,false,21939,70,7,""
Olsen,Olsen,TEX_AGG,false,21921,73,7,""
PlainsmanPark,PlainsmanPark,AUB_TIG,false,21883,72,6,""
JimPatterson,JimPatterson,LOU_CAR,false,21812,72,2,""
David F. Couch,David F. Couch Ballpark,WAK_DEA,false,21792,69,3,""
Vanderbilt,Vanderbilt,VAN_COM,false,21713,73,4,""
UofSouthCarolina,UofSouthCarolina,SOU_GAM,false,21594,69,1,""
SpringsBrooksStadium,SpringsBrooksStadium,COA_CHA,false,21333,71,10,""
DoakField,DoakField,NOR_WOL,false,20971,68,3,""
Baylor,Baylor,BAY_BEA,false,20890,68,1,""
WarHawkField,WarHawkField,ULM_WAR,false,20871,73,1,""
UCLA,UCLA,UCLA,false,20792,66,6,""
HillDensonField,HillDensonField,SOU_GOL,false,20762,70,4,""
DavenportField,DavenportField,VIR_CAV,false,20606,66,4,""
FIUBaseballStadium,FIUBaseballStadium,FLO_PAN,false,20568,65,2,""
ClarkLeClair,ClarkLeClair,ECU_PIR,false,20432,70,10,""
GeorgiaTech,GeorgiaTech,GIT_YEL,false,20399,67,2,""
JLJohnsonStadium,JLJohnsonStadium,ORA_GOL,false,20348,66,5,""
FedExPark,FedExPark,MT,false,20335,64,1,""
LoyolaMarymount,LoyolaMarymount,LOY_LIO,false,20328,63,2,""
GoodwinField,GoodwinField,CAL_FUL,false,20300,65,4,""
LathamPark,LathamPark,ELO_PHO,false,20122,63,1,""
JCLoveFieldatPatPattersonPark,JCLoveFieldatPatPattersonPark,LOU_BUL,false,20094,66,2,""
GeorgiaState,GeorgiaState,GEO_PAN,false,20071,63,1,""
HarlanRogersSportsComplex,HarlanRogersSportsComplex,IOW_CEN,false,20044,71,7,""
Arlington,Arlington,NEUTRAL,true,19958,62,27,""
NickDenesField,NickDenesField,WES_HIL,false,19917,65,1,""
KleinField,KleinField,STA_CAR,false,19909,64,2,""
Hornet Stadium,Hornet Stadium,SAC_HOR,false,19811,65,2,""
UofOklahoma,UofOklahoma,OKL_SOO,false,19806,65,4,""
PittFieldUOR,PittFieldUOR,RIC_SPI,false,19599,63,1,""
JimPerry,JimPerry,CAM_CAM,false,19521,60,1,""
UKentucky,UKentucky,KEN_WIL,false,19485,64,5,""
UofMiami,UofMiami,MIA_HUR,false,19465,65,1,""
HighPoint,HighPointUniversity,HIG_PAN,false,19241,60,1,HighPoint
HighPointUniversity,HighPointUniversity,HIG_PAN,false,19241,60,1,HighPoint
LouisianaLafayette,LouisianaLafayette,LOU_CAJ,false,19223,66,1,""
UofHouston,UofHouston,HOU_COU,false,19223,62,1,""
GossStadium,GossStadium,ORE_BEA,false,19163,62,8,""
PlumeriPark,PlumeriPark,WM_TRI,false,19137,59,1,""
MSST,MSST,MSU_BDG,false,18958,64,1,""
RileyPark,RileyPark,CIT_BUL,false,18865,63,1,""
VATech,VATech,VIR_TEC,false,18755,62,1,""
TuckerFieldatBarcroftPark,TuckerFieldatBarcroftPark,GEO_COL,false,18506,59,2,""
UNCCharlotte,UNCCharlotte,CHA_FOR,false,18116,60,1,""
UArizona,UArizona,ARI_WIL,false,18077,62,4,""
SantaAnaStarField,SantaAnaStarField,MEX_LOB,false,18060,56,1,""
JoeMillerBallpark,JoeMillerBallpark,MCN_COW,false,17993,60,1,""
TaylorStadium,TaylorStadium,MIZ_TIG,false,17989,58,2,""
RiddlePaceField,RiddlePaceField,TRO_TRJ,false,17974,56,2,""
CaesarUyesaka,CaesarUyesaka,SAN_GAU,false,17851,60,4,""
GeorgiaSouthern,GeorgiaSouthern,GEO_EAG,false,17792,57,1,""
HarleyPark,HarleyPark,USC_UPS,false,17771,56,1,""
Lipscomb,Lipscomb,LIP_BIS,false,17661,57,1,""
RiceUniversity,RiceUniversity,RIC_OWL,false,17571,57,2,""
DanLawField,DanLawField,TEX_RAI,false,17566,55,1,""
MercerUniversity,MercerUniversity,MER_BEA,false,17555,59,1,""
CSUBallparkNielsen,CSUBallparkNielsen,CHA_BUC,false,17488,54,1,""
USFBaseballStadium,USFBaseballStadium,USF_BUL,false,17393,59,3,""
TCU,TCU,TCU_HFG,false,17343,58,1,""
OKState,OKState,OKL_COW,false,17300,54,3,""
BaggettStadium,BaggettStadium,CAL_MUS,false,17153,57,1,""
RaymondHand,RaymondHand,AUS_GOV,false,17065,57,1,""
EagleFieldJMU,EagleFieldJMU,JMU_DUK,false,17042,57,1,""
CalBerkeley,CalBerkeley,CAL_BEA,false,16955,58,1,""
EarleCombsStadium,EarleCombsStadium,EKU_COL,false,16846,57,2,""
KansasUniversity,KansasUniversity,KAN_JAY,false,16764,53,2,""
PurdueUniversity,PurdueUniversity,PUR_BOI,false,16755,55,1,""
BruceHurst,BruceHurst,DIX_STE,false,16599,51,2,""
PresbyterianCollege,PresbyterianCollege,PRE_BLH,false,16529,55,1,""
RudyAbbottField,RudyAbbottField,JAC_GAM,false,16498,53,1,""
MaestriField,MaestriField,NEW_PRI,false,16467,54,1,""
CarterMemorial,CarterMemorial,RAD_HIG,false,16466,53,1,""
UCincinnati,UCincinnati,CIN_BEA,false,16459,52,1,""
JohnALogan,JohnALogan,JOH_LOG,false,16286,60,8,""
NickSwisherField,NickSwisherField,OSU_BUC,false,16272,53,1,""
BenedettiDiamond,BenedettiDiamond,SAN_DON,false,16243,55,1,""
BobSteinStadium,BobSteinStadium,NOR_GEO3,false,16051,53,1,""
PeteBeidenField,PeteBeidenField,FRE_BUL,false,16028,54,1,""
UofSanDiego,UofSanDiego,SAN_TOR,false,16021,50,1,""
SpuhlerFieldMain,SpuhlerFieldMain,GEO_PAT,false,15950,54,1,""
GrayMinorStadium,GrayMinorStadium,VIR_KEY,false,15946,52,2,""
BallparkAtPatriotPoint,BallparkAtPatriotPoint,COL_CHA,false,15887,52,5,""
ESRosePark,ESRosePark,BEL_BRU,false,15810,54,1,""
BrighamYoung,BrighamYoung,BYU_COU,false,15808,47,1,""
USouthAlabama,USouthAlabama,SAL_JAG,false,15705,51,1,""
BuddyBoldingStadium,BuddyBoldingStadium,LON_LAN,false,15672,45,1,""
HennonStadium,HennonStadium,WCC,false,15671,50,1,""
StephenSchottBBS,StephenSchottBBS,SAN_BRO,false,15671,49,1,""
DuaneBanks,DuaneBanks,IOW_HAW,false,15641,51,1,""
PaulDemieMainieriField,PaulDemieMainieriField,STU_BOB,false,15596,51,1,""
RayFisher,RayFisher,MIC_WOL,false,15521,52,1,""
PresleyAskewField,PresleyAskewField,NMS_AGG,false,15454,47,1,""
UNebraska,UNebraska,NEB,false,15417,53,2,""
John B. Schuerholz Park,John B. Schuerholz Park,TOW_TIG,false,15363,51,1,""
UCCUBallpark,UCCUBallpark,UTA_WOL,false,15230,50,1,""
BobHannahStadium,BobHannahStadium,DEL_BLU,false,15199,49,2,""
AllenField,AllenField,MOR_EAG,false,15188,46,1,""
Bart Kaufman Field,Bart Kaufman Field,IU,false,15187,49,1,""
MonogaliaCounty,Monongalia County Ballpark,WES_MOU,false,15163,50,2,MonogaliaCounty
WestVirginia,Monongalia County Ballpark,WES_MOU,false,15163,50,2,MonogaliaCounty
GaryWright,GaryWright,CEN_COL,false,15130,52,1,""
EvansvilleU,EvansvilleU,EVA_ACE,false,15107,49,5,""
AbileneChristian,AbileneChristian,ABI_WIL,false,15093,51,2,""
EarlEWilsonStadium,EarlEWilsonStadium,UNL_REB,false,14919,49,1,""
KansasState,KansasState,KAN_WIL,false,14877,48,1,""
RoyELeeField,RoyELeeField,SOU_COU,false,14870,51,1,""
IrwinField,IrwinField,UNI_TEX,false,14786,56,3,""
704EddieDField,704EddieDField,PEP_WAV,false,14774,48,1,""
FrankEck,FrankEck,NOT_IRI,false,14704,48,1,""
TIGERBALLPARK,TIGERBALLPARK,EAS_TEX,false,14685,56,7,""
DallasBaptist,DallasBaptist,DAL_PAT,false,14681,50,1,""
BlairField,BlairField,LON_DIR,false,14562,47,1,""
TheDiamond,TheDiamond,VCU_RAM,false,14540,47,1,""
RonaldGallagherStad,RonaldGallagherStad,STM_GAE,false,14527,49,1,""
JackCookField,JackCookField,MAR_THU,false,14467,51,1,""
RockwellField,RockwellField,SOU_WES,false,14451,44,2,""
DonWeirField,DonWeirField,NEV_WOL,false,14438,49,1,""
IllinoisStateUniversity,IllinoisStateUniversity,ILL_RED,false,14275,50,5,""
HarringtonVillage,HarringtonVillage,BOC_EAG,false,14170,48,1,""
Matador Field,Matador Field,CAL_MAT,false,14023,46,1,""
BowiesBallpark,BowiesBallpark,AVE_MAR,false,13892,48,1,""
Tulane,Tulane,TUL_GRE,false,13845,44,1,""
MichiganState,MichiganState,MIC_SPA,false,13828,45,1,""
NischwitzField,NischwitzField,WRI_RAI,false,13811,43,1,""
JimReevesField,JimReevesField,PAN_COL,false,13749,51,1,""
UTArlington,UTArlington,ARL_MAV,false,13736,47,1,""
SamfordUniversity,SamfordUniversity,SAM_BUL,false,13709,45,2,""
WoernerField,WoernerField,DAY_FLY,false,13661,45,1,""
YoungMemorialField,YoungMemorialField,UAB_BLA,false,13657,45,1,""
TalAndersonField,TalAndersonField,UNO_MAV,false,13621,42,3,""
USIField,USIField,SOU_IND16,false,13620,43,2,""
BaintonField,BaintonField,RUT_SCA,false,13610,46,1,""
SwansonStadium,SwansonStadium,FGCU,false,13603,45,1,""
Hammons,Hammons,MIS_BEA,false,13532,44,1,""
TheZellB.MillerField,TheZellB.MillerField,YOU_HAR,false,13509,48,2,""
SouthernIdaho,SouthernIdaho,CSI_EAG,false,13423,56,3,""
TedABroerStadium,TedABroerStadium,SOU_UNI,false,13351,46,6,""
JohnEulianoPark,JohnEulianoPark,UCF_KNI,false,13191,46,1,""
SmithsBallparkUT,Smith's Ballpark,UTA_UTE,false,13182,42,1,""
LubranoPark,LubranoPark,PEN_NIT,false,13132,42,1,""
CurtisGrandisonStadium,CurtisGrandisonStadium,UIC_FLA,false,13051,43,1,""
OrangeCountyGreatParkStadium,OrangeCountyGreatParkStadium,SOU_TRO,false,13051,44,2,""
IllinoisField,IllinoisField,ILL_ILL,false,12975,42,1,""
WOHartPark,WOHartPark,CHA_UNI,false,12967,46,2,""
BillBeckField,BillBeckField,RHO_RAM,false,12613,40,1,""
Northwestern,Northwestern,NOR_CAT,false,12451,39,1,""
ArmyWestPoint,ArmyWestPoint,ARM_BLA,false,12317,43,1,""
J.DavidWalkerField,J.DavidWalkerField,LEH_MOU,false,12245,44,1,""
BobSmithStadium,BobSmithStadium,MAR_TER,false,12231,38,1,""
JimBettieSmith,JimBettieSmith,APP_MOU,false,12200,39,1,""
WinterholterField,WinterholterField,TRO_T,false,12164,43,12,""
OwenTCarrollField,OwenTCarrollField,SET_PIR,false,12144,42,1,""
PomonaPitzer,PomonaPitzer,POM_COL,false,12141,40,1,""
KellField,KellField,ASU_RED,false,12119,43,1,""
ETStrawFamilyStadium,ETStrawFamilyStadium,MSM_MTN,false,12108,37,1,""
BulldogPark,BulldogPark,BUT_BUL,false,11889,37,1,""
PattersonBaseballComplex,PattersonBaseballComplex,GON_BUL,false,11594,36,1,""
OaklandBaseballField,OaklandBaseballField,OAK_GOL,false,11552,37,1,""
SeattleUniversity,SeattleUniversity,SEA_RED,false,11515,41,1,""
UofWashington,UofWashington,WAS_HUS,false,11512,37,1,""
700-HughAdamsPark,700-HughAdamsPark,ALV_CCO,false,11368,44,1,""
HiltonRahnField,HiltonRahnField,LAF_LEP,false,11085,36,1,""
PhoenixMunicipal,PhoenixMunicipal,ARI_SUN,false,11083,36,2,""
MillersvilleU,MillersvilleU,MIL_UNI2,false,11042,41,6,""
JohnKurtzField,JohnKurtzField,GEO_COL1,false,10792,37,3,""
DurhamField,DurhamField,LEN_BEA,false,10783,38,2,""
CondronBallpark,CondronBallpark,FLA_GAT,false,10756,36,1,""
SheheeStadium,SheheeStadium,CEN_COL1,false,10584,31,2,""
SiebertField,SiebertField,MIN_GOL,false,10548,34,1,""
JackKaiser,JackKaiser,STJ_RED,false,10411,34,1,""
ClevelandCommunityCollegeBaseballField,ClevelandCommunityCollegeBaseballField,CLE_CLE2,false,10389,38,1,""
EastTennesseeState,EastTennesseeState,ETS_BUC,false,10338,34,2,""
WinthropUniversity,WinthropUniversity,WIN_EAG,false,10258,32,1,""
LIUField,LIUField,LON_ISL22,false,10171,36,2,""
EmoryGBauerField,EmoryGBauerField,VAL_CRU,false,10119,31,1,""
DepewField,DepewField,BUC_BIS,false,10056,34,1,""
Robertson Field,Robertson Field,COL_LION,false,9996,31,1,""
LimestoneUniversity,LimestoneUniversity,LIM_STO,false,9978,36,2,""
CypressCollege,CypressCollege,CYP_CHR,false,9933,29,4,""
SouthwesternOregonStadium,SouthwesternOregonStadium,SOU_ORE,false,9933,38,2,""
FalconField,FalconField,AIR_FOR,false,9914,33,1,""
PioneerPark,PioneerPark,TUS_PIO,false,9909,41,1,""
GeorgeHWBush48Field,GeorgeHWBush48Field,YAL_BUL,false,9828,35,4,""
MurrayStadium,MurrayStadium,BRO_BEA,false,9828,30,1,""
FordhamUniversity,FordhamUniversity,FOR_RAM,false,9334,30,1,""
BudMethenyBBStad,BudMethenyBBStad,OLD_MON,false,9285,31,1,""
HooverMetropolitan,HooverMetropolitan,NEUTRAL,true,9271,31,15,""
UNCGreensboro,UNCGreensboro,UNC_SPA,false,9060,31,1,""
HaydenField,HaydenField,XAV_MUS,false,8990,31,1,""
USNavalAcademy,USNavalAcademy,NAV_MID,false,8907,32,1,""
LamarUniversity,LamarUniversity,LAM_CAR,false,8892,33,1,""
Cumberlands,Cumberlands,CUM_PAT,false,8694,29,2,""
ReinhardtUniversity,ReinhardtUniversity,REI_UNI,false,8522,29,4,""
AlabamaState,AlabamaState,ALA_HOR,false,8487,31,2,""
McGillField,McGillField,LEB_VAL,false,8487,27,2,""
705-CalBaptistBaseballField,705-CalBaptistBaseballField,CAL_LAN,false,8341,27,1,""
UofMontevallo,UofMontevallo,UNI_MON,false,8335,28,1,""
SEMissouriState,SEMissouriState,SOU_RED,false,8334,27,1,""
UTSanAntonio,UTSanAntonio,UTS_ROA,false,7880,27,1,""
BridgeforthField,BridgeforthField,SHE_UNI,false,7879,26,1,""
WoffordCollege,WoffordCollege,WOF_TER,false,7808,25,1,""
UCSanDiego,UCSanDiego,CSD_TRI,false,7798,24,2,""
WilliamCarey,WilliamCarey,WIL_CAR,false,7766,25,2,""
TexasStateUniversity,TexasStateUniversity,TEX_BOB,false,7757,27,1,""
SusanKSmithBaseballComplex,SusanKSmithBaseballComplex,GEO_SOU,false,7713,26,1,""
RodenField,RodenField,PER_BAS6,false,7607,27,1,""
UniversityField,UniversityField,HOF_PRI,false,7419,26,1,""
SouthernWesleyan,SouthernWesleyan,SOU_WES1,false,7382,24,2,""
Villanova,Villanova,VIL_WIL,false,7363,25,2,""
DozerPark,DozerPark,BRA_BRA,false,7334,24,1,""
ClarkeField,ClarkeField,PRI_TIG,false,7164,24,2,""
TonyGwynnStadium,TonyGwynnStadium,SAN_AZT,false,7157,23,1,""
LeeUniversity,LeeUniversity,LEE_UNI,false,7111,27,1,""
CharlesCost,CharlesCost,PIT_PAN,false,7085,22,1,""
McKieFieldStad,McKieFieldStad,MIA_RED,false,6953,22,1,""
GeorgeFox,GeorgeFox,GEO_FOX,false,6793,22,1,""
HendersonFieldMarsHill,HendersonFieldMarsHill,MAR_LIO,false,6758,26,1,""
FluorField,FluorField,MIC_SPA,false,6720,22,7,""
SanJacinto,SanJacinto,SAN_JAC,false,6704,25,4,""
OdonnellFieldHarvard,OdonnellFieldHarvard,HAR_CRI,false,6616,19,1,""
HardtField,HardtField,CSU_BAK,false,6606,21,1,""
UofAkron,UofAkron,AKR_ZIP,false,6389,20,1,""
KeilitzField,KeilitzField,CEN_MIC,false,6213,19,1,""
ReeseField,ReeseField,MTSU_BLU,false,6180,21,1,""
UConn,UConn,UCO_HUS,false,6153,20,1,""
UofPennsylvania,UofPennsylvania,PEN_QUA,false,6098,18,1,""
TommyCareyField,TommyCareyField,EC,false,6077,19,2,""
BenMeyerDiamond,BenMeyerDiamond,NIC_COL,false,6073,21,1,""
BinghamtonUniversity,BinghamtonUniversity,BIN_BEA,false,6071,19,1,""
NorthernIllinois,NorthernIllinois,NIU_HUS,false,6047,18,1,""
AndersonUniversity,AndersonUniversity,AND_TRO,false,6012,22,1,""
BryantUniversity,BryantUniversity,BRY_BUL,false,6010,20,1,""
WichitaState,WichitaState,WIC_SHO,false,5937,19,1,""
GoldenWestCollege,GoldenWestCollege,Gol_W,false,5695,19,1,""
OestrikeStadium,OestrikeStadium,EMU_EAG,false,5681,17,1,""
MonmouthU,MonmouthU,MON_HAW,false,5603,19,1,""
SilverDiamondSportsComplexLaptop,SilverDiamondSportsComplexLaptop,CAR_EAG,false,5486,21,2,""
ScottPark,ScottPark,TOL_ROC,false,5459,20,1,""
LBCCBaseballComplex,LBCCBaseballComplex,LON_BEA,false,5363,18,1,""
AshlandUniversity,AshlandUniversity,ASH_UNI,false,5313,20,1,""
Riverwalk,Riverwalk,NEUTRAL,true,5300,18,11,""
KennesawWalterKelly,KennesawWalterKelly,KEN_OWL,false,5162,16,1,""
FresnoPacificUniversity,FresnoPacificUniversity,FRE_PAC,false,5018,18,1,""
UofMountOlive,UofMountOlive,MOU_OLV,false,5001,18,1,""
IndianaState,IndianaState,IND_SYC,false,4820,17,1,""
DurhamAthleticPark,DurhamAthleticPark,NEUTRAL,true,4782,15,12,""
SolGittlemanPark,SolGittlemanPark,TUF_UNI,false,4294,15,1,""
IllinoisWesleyan,IllinoisWesleyan,ILL_WES,false,3906,14,1,""
EastwoodField,EastwoodField,YSU_PEN,false,3706,11,1,""
TingStadium,TingStadium,PUR_BOI,false,3700,12,1,""
HohokamStadium,HohokamStadium,NEUTRAL,true,3683,12,8,""
ForbesFieldLaptop,ForbesFieldLaptop,MID_COL,false,3626,12,1,""
StLouisUniversity,StLouisUniversity,SLU_BILL,false,3469,12,1,""
JohnWSmithsonField,JohnWSmithsonField,STJ_HAW,false,3352,9,1,""
Surprise,Surprise,NEUTRAL,true,3080,10,4,""
BoothBaseballField,BoothBaseballField,COR_BRE,false,3028,10,1,""
121Financial,121Financial,NEUTRAL,true,2587,8,6,""
USABBCary2,USABBCary2,NEUTRAL,true,2361,8,5,""
DrPepper,DrPepper,NEUTRAL,true,2132,7,6,""
CriollosDeCagua,CriollosDeCagua,NEUTRAL,true,1841,5,3,""
RussellCarrField,RussellCarrField,WES_COL,false,1787,7,1,""
FranciscoMontaner,FranciscoMontaner,NEUTRAL,true,1575,5,3,""
WhataburgerField,WhataburgerField,NEUTRAL,true,1231,3,3,""
USABBCary3,USABBCary3,NEUTRAL,true,1021,4,4,""
IntimidatorStadium,IntimidatorStadium,QUN_RYL,false,940,3,2,""
HolmanStadium,HolmanStadium,ILL_ILL1,false,937,2,1,""
USABBCary0,USABBCary0,PEN_NIT,false,913,3,1,""
LaModernaField,LaModernaField,IOW_HAW,false,908,3,2,""
AlumniFieldUMBC,AlumniFieldUMBC,UMBC_RET,false,865,3,1,""
prascopark,prascopark,NEUTRAL,true,748,3,3,""
MarichFieldLaptop,MarichFieldLaptop,PHO_COL,false,434,1,1,""
FriersonField,FriersonField,MIS_COL1,false,433,2,1,""
DellDiamond,DellDiamond,VIR_CAV,false,399,1,1,""
RegionsField,RegionsField,UAB_BLA,false,346,1,1,""
HookerField,HookerField,PAT_HEN,false,322,2,1,""
NewFredericksburgBallpark,NewFredericksburgBallpark,VIR_CAV,false,289,1,1,""
PershingPark,PershingPark,SAN_BAR1,false,279,1,1,""
RonTonkinField,RonTonkinField,ORE_BEA,false,276,1,1,""
JacksonField,JacksonField,MIC_SPA,false,273,1,1,""
DubHerringPark,DubHerringPark,PEA_RIV,false,267,1,1,""
DickeyStephensPark,DickeyStephensPark,ARK_RAZ,false,240,1,1,""
Petco,Petco,NEUTRAL,true,9,2,2,""
3DSpinTestServer,3DSpinTestServer,NEUTRAL,true,1,1,1,""
