team_id,team_short,team_full_name,nickname,team_abbrev,location,association,level_group,division,conf_id,conf_name,conf_short,region,logo_url,conf_missing,abbrev_not_unique,source_file
730280448,Albany,University at Albany,Great Danes,ALBY,Albany,NCAA,D1,NCAA D1,d1-america-east-conference,D1 America East Conference,America East Conference,,https://static.trumedianetworks.com/images/ncaabaseball/teams/730280448.png?v=2,False,False,D1TeamBio.csv
730155776,Binghamton,Binghamton University,Bearcats,BING,Binghamton,NCAA,D1,NCAA D1,d1-america-east-conference,D1 America East Conference,America East Conference,,https://static.trumedianetworks.com/images/ncaabaseball/teams/730155776.png?v=2,False,False,D1TeamBio.csv
730266880,Bryant,Bryant University,Bulldogs,BRY,Bryant,NCAA,D1,NCAA D1,d1-america-east-conference,D1 America East Conference,America East Conference,,https://static.trumedianetworks.com/images/ncaabaseball/teams/730266880.png?v=2,False,False,D1TeamBio.csv
730275840,Maine,University of Maine,Black Bears,ME,Maine,NCAA,D1,NCAA D1,d1-america-east-conference,D1 America East Conference,America East Conference,,https://static.trumedianetworks.com/images/ncaabaseball/teams/730275840.png?v=2,False,False,D1TeamBio.csv
730313216,NJIT,New Jersey Institute of Technology,Highlanders,NJIT,NJIT,NCAA,D1,NCAA D1,d1-america-east-conference,D1 America East Conference,America East Conference,,https://static.trumedianetworks.com/images/ncaabaseball/teams/730313216.png?v=2,False,False,D1TeamBio.csv
730210304,UMBC,UMBC,Retrievers,UMBC,UMBC,NCAA,D1,NCAA D1,d1-america-east-conference,D1 America East Conference,America East Conference,,https://static.trumedianetworks.com/images/ncaabaseball/teams/730210304.png?v=2,False,False,D1TeamBio.csv
730371584,UMass Lowell,UMass Lowell,River Hawks,MASSL,UMass Lowell,NCAA,D1,NCAA D1,d1-america-east-conference,D1 America East Conference,America East Conference,,https://static.trumedianetworks.com/images/ncaabaseball/teams/730371584.png?v=2,False,False,D1TeamBio.csv
730214400,Charlotte,UNC Charlotte,49ers,CHAR,Charlotte,NCAA,D1,NCAA D1,d1-american-athletic-conference,D1 American Athletic Conference,American Athletic Conference,,https://static.trumedianetworks.com/images/ncaabaseball/teams/730214400.png?v=2,False,False,D1TeamBio.csv
730270720,East Carolina,East Carolina University,Pirates,ECU,East Carolina,NCAA,D1,NCAA D1,d1-american-athletic-conference,D1 American Athletic Conference,American Athletic Conference,,https://static.trumedianetworks.com/images/ncaabaseball/teams/730270720.png?v=2,False,True,D1TeamBio.csv
339,Florida Atlantic,Florida Atlantic University,Owls,FAU,Florida Atlantic,NCAA,D1,NCAA D1,d1-american-athletic-conference,D1 American Athletic Conference,American Athletic Conference,,https://static.trumedianetworks.com/images/ncaabaseball/teams/339.png?v=2,False,False,D1TeamBio.csv
730172160,Memphis,University of Memphis,Tigers,MEM,Memphis,NCAA,D1,NCAA D1,d1-american-athletic-conference,D1 American Athletic Conference,American Athletic Conference,,https://static.trumedianetworks.com/images/ncaabaseball/teams/730172160.png?v=2,False,False,D1TeamBio.csv
2352,Rice,Rice University,Owls,RICE,Rice,NCAA,D1,NCAA D1,d1-american-athletic-conference,D1 American Athletic Conference,American Athletic Conference,,https://static.trumedianetworks.com/images/ncaabaseball/teams/2352.png?v=2,False,False,D1TeamBio.csv
2292,South Florida,University of South Florida,Bulls,USF,South Florida,NCAA,D1,NCAA D1,d1-american-athletic-conference,D1 American Athletic Conference,American Athletic Conference,,https://static.trumedianetworks.com/images/ncaabaseball/teams/2292.png?v=2,False,True,D1TeamBio.csv
730354176,Tulane,Tulane University,Green Wave,TULN,Tulane,NCAA,D1,NCAA D1,d1-american-athletic-conference,D1 American Athletic Conference,American Athletic Conference,,https://static.trumedianetworks.com/images/ncaabaseball/teams/730354176.png?v=2,False,False,D1TeamBio.csv
730345984,UAB,UAB,Blazers,UAB,UAB,NCAA,D1,NCAA D1,d1-american-athletic-conference,D1 American Athletic Conference,American Athletic Conference,,https://static.trumedianetworks.com/images/ncaabaseball/teams/730345984.png?v=2,False,False,D1TeamBio.csv
730373120,UTSA,UTSA,Roadrunners,UTSA,UTSA,NCAA,D1,NCAA D1,d1-american-athletic-conference,D1 American Athletic Conference,American Athletic Conference,,https://static.trumedianetworks.com/images/ncaabaseball/teams/730373120.png?v=2,False,False,D1TeamBio.csv
730203904,Wichita State,Wichita State University,Shockers,WICH,Wichita State,NCAA,D1,NCAA D1,d1-american-athletic-conference,D1 American Athletic Conference,American Athletic Conference,,https://static.trumedianetworks.com/images/ncaabaseball/teams/730203904.png?v=2,False,False,D1TeamBio.csv
730363136,Davidson,Davidson College,Wildcats,DAV,Davidson,NCAA,D1,NCAA D1,d1-atlantic-10-conference,D1 Atlantic 10 Conference,Atlantic 10 Conference,,https://static.trumedianetworks.com/images/ncaabaseball/teams/730363136.png?v=2,False,False,D1TeamBio.csv
730194688,Dayton,University of Dayton,Flyers,DAY,Dayton,NCAA,D1,NCAA D1,d1-atlantic-10-conference,D1 Atlantic 10 Conference,Atlantic 10 Conference,,https://static.trumedianetworks.com/images/ncaabaseball/teams/730194688.png?v=2,False,False,D1TeamBio.csv
730324992,Fordham,Fordham University,Rams,FOR,Fordham,NCAA,D1,NCAA D1,d1-atlantic-10-conference,D1 Atlantic 10 Conference,Atlantic 10 Conference,,https://static.trumedianetworks.com/images/ncaabaseball/teams/730324992.png?v=2,False,False,D1TeamBio.csv
730265088,George Mason,George Mason University,Patriots,GMU,George Mason,NCAA,D1,NCAA D1,d1-atlantic-10-conference,D1 Atlantic 10 Conference,Atlantic 10 Conference,,https://static.trumedianetworks.com/images/ncaabaseball/teams/730265088.png?v=2,False,False,D1TeamBio.csv
730249216,George Washington,George Washington University,Colonials,GW,George Washington,NCAA,D1,NCAA D1,d1-atlantic-10-conference,D1 Atlantic 10 Conference,Atlantic 10 Conference,,https://static.trumedianetworks.com/images/ncaabaseball/teams/730249216.png?v=2,False,False,D1TeamBio.csv
730183680,La Salle,La Salle University,Explorers,LA S,La Salle,NCAA,D1,NCAA D1,d1-atlantic-10-conference,D1 Atlantic 10 Conference,Atlantic 10 Conference,,https://static.trumedianetworks.com/images/ncaabaseball/teams/730183680.png?v=2,False,True,D1TeamBio.csv
730163712,Rhode Island,University of Rhode Island,Rams,URI,Rhode Island,NCAA,D1,NCAA D1,d1-atlantic-10-conference,D1 Atlantic 10 Conference,Atlantic 10 Conference,,https://static.trumedianetworks.com/images/ncaabaseball/teams/730163712.png?v=2,False,False,D1TeamBio.csv
730171904,Richmond,University of Richmond,Spiders,RICH,Richmond,NCAA,D1,NCAA D1,d1-atlantic-10-conference,D1 Atlantic 10 Conference,Atlantic 10 Conference,,https://static.trumedianetworks.com/images/ncaabaseball/teams/730171904.png?v=2,False,True,D1TeamBio.csv
730332416,Saint Joseph's,Saint Joseph's University,Hawks,JOES,Saint Joseph's,NCAA,D1,NCAA D1,d1-atlantic-10-conference,D1 Atlantic 10 Conference,Atlantic 10 Conference,,https://static.trumedianetworks.com/images/ncaabaseball/teams/730332416.png?v=2,False,False,D1TeamBio.csv
730375424,St. Bonaventure,St. Bonaventure University,Bonnies,SBON,St. Bonaventure,NCAA,D1,NCAA D1,d1-atlantic-10-conference,D1 Atlantic 10 Conference,Atlantic 10 Conference,,https://static.trumedianetworks.com/images/ncaabaseball/teams/730375424.png?v=2,False,False,D1TeamBio.csv
2291,St. Louis,Saint Louis University,Billikens,SLU,St. Louis,NCAA,D1,NCAA D1,d1-atlantic-10-conference,D1 Atlantic 10 Conference,Atlantic 10 Conference,,https://static.trumedianetworks.com/images/ncaabaseball/teams/2291.png?v=2,False,True,D1TeamBio.csv
730179328,VCU,Virginia Commonwealth University,Rams,VCU,VCU,NCAA,D1,NCAA D1,d1-atlantic-10-conference,D1 Atlantic 10 Conference,Atlantic 10 Conference,,https://static.trumedianetworks.com/images/ncaabaseball/teams/730179328.png?v=2,False,False,D1TeamBio.csv
227,Boston College,Boston College,Eagles,BC,Boston College,NCAA,D1,NCAA D1,d1-atlantic-coast-conference,D1 Atlantic Coast Conference,Atlantic Coast Conference,,https://static.trumedianetworks.com/images/ncaabaseball/teams/227.png?v=2,False,True,D1TeamBio.csv
730152448,California,University of California,Golden Bears,CAL,California,NCAA,D1,NCAA D1,d1-atlantic-coast-conference,D1 Atlantic Coast Conference,Atlantic Coast Conference,,https://static.trumedianetworks.com/images/ncaabaseball/teams/730152448.png?v=2,False,True,D1TeamBio.csv
730358784,Clemson,Clemson University,Tigers,CLEM,Clemson,NCAA,D1,NCAA D1,d1-atlantic-coast-conference,D1 Atlantic Coast Conference,Atlantic Coast Conference,,https://static.trumedianetworks.com/images/ncaabaseball/teams/730358784.png?v=2,False,False,D1TeamBio.csv
730336256,Duke,Duke University,Blue Devils,DUKE,Duke,NCAA,D1,NCAA D1,d1-atlantic-coast-conference,D1 Atlantic Coast Conference,Atlantic Coast Conference,,https://static.trumedianetworks.com/images/ncaabaseball/teams/730336256.png?v=2,False,False,D1TeamBio.csv
101,Florida State,Florida State University,Seminoles,FSU,Florida State,NCAA,D1,NCAA D1,d1-atlantic-coast-conference,D1 Atlantic Coast Conference,Atlantic Coast Conference,,https://static.trumedianetworks.com/images/ncaabaseball/teams/101.png?v=2,False,True,D1TeamBio.csv
100,Georgia Tech,Georgia Tech,Yellow Jackets,GT,Georgia Tech,NCAA,D1,NCAA D1,d1-atlantic-coast-conference,D1 Atlantic Coast Conference,Atlantic Coast Conference,,https://static.trumedianetworks.com/images/ncaabaseball/teams/100.png?v=2,False,False,D1TeamBio.csv
5467,Louisville,University of Louisville,Cardinals,LOU,Louisville,NCAA,D1,NCAA D1,d1-atlantic-coast-conference,D1 Atlantic Coast Conference,Atlantic Coast Conference,,https://static.trumedianetworks.com/images/ncaabaseball/teams/5467.png?v=2,False,False,D1TeamBio.csv
236,Miami,University of Miami,Hurricanes,MIA,Miami,NCAA,D1,NCAA D1,d1-atlantic-coast-conference,D1 Atlantic Coast Conference,Atlantic Coast Conference,,https://static.trumedianetworks.com/images/ncaabaseball/teams/236.png?v=2,False,False,D1TeamBio.csv
730181888,North Carolina,University of North Carolina,Tar Heels,UNC,North Carolina,NCAA,D1,NCAA D1,d1-atlantic-coast-conference,D1 Atlantic Coast Conference,Atlantic Coast Conference,,https://static.trumedianetworks.com/images/ncaabaseball/teams/730181888.png?v=2,False,False,D1TeamBio.csv
730216448,North Carolina State,North Carolina State University,Wolfpack,NCST,North Carolina State,NCAA,D1,NCAA D1,d1-atlantic-coast-conference,D1 Atlantic Coast Conference,Atlantic Coast Conference,,https://static.trumedianetworks.com/images/ncaabaseball/teams/730216448.png?v=2,False,False,D1TeamBio.csv
225,Notre Dame,University of Notre Dame,Fighting Irish,ND,Notre Dame,NCAA,D1,NCAA D1,d1-atlantic-coast-conference,D1 Atlantic Coast Conference,Atlantic Coast Conference,,https://static.trumedianetworks.com/images/ncaabaseball/teams/225.png?v=2,False,False,D1TeamBio.csv
5424,Pittsburgh,University of Pittsburgh,Panthers,PITT,Pittsburgh,NCAA,D1,NCAA D1,d1-atlantic-coast-conference,D1 Atlantic Coast Conference,Atlantic Coast Conference,,https://static.trumedianetworks.com/images/ncaabaseball/teams/5424.png?v=2,False,True,D1TeamBio.csv
730251264,Stanford,Stanford University,Cardinal,STAN,Stanford,NCAA,D1,NCAA D1,d1-atlantic-coast-conference,D1 Atlantic Coast Conference,Atlantic Coast Conference,,https://static.trumedianetworks.com/images/ncaabaseball/teams/730251264.png?v=2,False,False,D1TeamBio.csv
5415,Virginia,University of Virginia,Cavaliers,UVA,Virginia,NCAA,D1,NCAA D1,d1-atlantic-coast-conference,D1 Atlantic Coast Conference,Atlantic Coast Conference,,https://static.trumedianetworks.com/images/ncaabaseball/teams/5415.png?v=2,False,False,D1TeamBio.csv
2293,Virginia Tech,Virginia Tech,Hokies,VT,Virginia Tech,NCAA,D1,NCAA D1,d1-atlantic-coast-conference,D1 Atlantic Coast Conference,Atlantic Coast Conference,,https://static.trumedianetworks.com/images/ncaabaseball/teams/2293.png?v=2,False,False,D1TeamBio.csv
730373376,Wake Forest,Wake Forest University,Demon Deacons,WAKE,Wake Forest,NCAA,D1,NCAA D1,d1-atlantic-coast-conference,D1 Atlantic Coast Conference,Atlantic Coast Conference,,https://static.trumedianetworks.com/images/ncaabaseball/teams/730373376.png?v=2,False,False,D1TeamBio.csv
730219520,Austin Peay,Austin Peay State University,Governors,PEAY,Austin Peay,NCAA,D1,NCAA D1,d1-atlantic-sun-conference,D1 Atlantic Sun Conference,Atlantic Sun Conference,,https://static.trumedianetworks.com/images/ncaabaseball/teams/730219520.png?v=2,False,False,D1TeamBio.csv
730167552,Bellarmine,Bellarmine University,Knights,BU,Bellarmine,NCAA,D1,NCAA D1,d1-atlantic-sun-conference,D1 Atlantic Sun Conference,Atlantic Sun Conference,,https://static.trumedianetworks.com/images/ncaabaseball/teams/730167552.png?v=2,False,True,D1TeamBio.csv
730175232,Central Arkansas,University of Central Arkansas,Bears,CARK,Central Arkansas,NCAA,D1,NCAA D1,d1-atlantic-sun-conference,D1 Atlantic Sun Conference,Atlantic Sun Conference,,https://static.trumedianetworks.com/images/ncaabaseball/teams/730175232.png?v=2,False,False,D1TeamBio.csv
5417,Eastern Kentucky,Eastern Kentucky University,Colonels,EKY,Eastern Kentucky,NCAA,D1,NCAA D1,d1-atlantic-sun-conference,D1 Atlantic Sun Conference,Atlantic Sun Conference,,https://static.trumedianetworks.com/images/ncaabaseball/teams/5417.png?v=2,False,False,D1TeamBio.csv
4964,Florida Gulf Coast,Florida Gulf Coast University,Eagles,FGCU,Florida Gulf Coast,NCAA,D1,NCAA D1,d1-atlantic-sun-conference,D1 Atlantic Sun Conference,Atlantic Sun Conference,,https://static.trumedianetworks.com/images/ncaabaseball/teams/4964.png?v=2,False,False,D1TeamBio.csv
730335488,Jacksonville,Jacksonville University,Dolphins,JAC,Jacksonville,NCAA,D1,NCAA D1,d1-atlantic-sun-conference,D1 Atlantic Sun Conference,Atlantic Sun Conference,,https://static.trumedianetworks.com/images/ncaabaseball/teams/730335488.png?v=2,False,False,D1TeamBio.csv
730307072,Lipscomb,Lipscomb University,Bisons,LIP,Lipscomb,NCAA,D1,NCAA D1,d1-atlantic-sun-conference,D1 Atlantic Sun Conference,Atlantic Sun Conference,,https://static.trumedianetworks.com/images/ncaabaseball/teams/730307072.png?v=2,False,False,D1TeamBio.csv
730266624,North Alabama,University of North Alabama,Lions,UNA,North Alabama,NCAA,D1,NCAA D1,d1-atlantic-sun-conference,D1 Atlantic Sun Conference,Atlantic Sun Conference,,https://static.trumedianetworks.com/images/ncaabaseball/teams/730266624.png?v=2,False,False,D1TeamBio.csv
730296832,North Florida,University of North Florida,Ospreys,UNF,North Florida,NCAA,D1,NCAA D1,d1-atlantic-sun-conference,D1 Atlantic Sun Conference,Atlantic Sun Conference,,https://static.trumedianetworks.com/images/ncaabaseball/teams/730296832.png?v=2,False,False,D1TeamBio.csv
754315264,Queens University of Charlotte,Queens University of Charlotte,,QUC,Queens University of Charlotte,NCAA,D1,NCAA D1,d1-atlantic-sun-conference,D1 Atlantic Sun Conference,Atlantic Sun Conference,,https://static.trumedianetworks.com/images/ncaabaseball/teams/754315264.png?v=2,False,False,D1TeamBio.csv
730261504,Stetson,Stetson University,Hatters,STET,Stetson,NCAA,D1,NCAA D1,d1-atlantic-sun-conference,D1 Atlantic Sun Conference,Atlantic Sun Conference,,https://static.trumedianetworks.com/images/ncaabaseball/teams/730261504.png?v=2,False,False,D1TeamBio.csv
730308864,West Georgia,University of West Georgia,Wolves,UOWG,West Georgia,NCAA,D1,NCAA D1,d1-atlantic-sun-conference,D1 Atlantic Sun Conference,Atlantic Sun Conference,,https://static.trumedianetworks.com/images/ncaabaseball/teams/730308864.png?v=2,False,False,D1TeamBio.csv
232,Arizona,University of Arizona,Wildcats,ARIZ,Arizona,NCAA,D1,NCAA D1,d1-big-12-conference,D1 Big 12 Conference,Big 12 Conference,,https://static.trumedianetworks.com/images/ncaabaseball/teams/232.png?v=2,False,False,D1TeamBio.csv
5035,Arizona State,Arizona State University,Sun Devils,ASU,Arizona State,NCAA,D1,NCAA D1,d1-big-12-conference,D1 Big 12 Conference,Big 12 Conference,,https://static.trumedianetworks.com/images/ncaabaseball/teams/5035.png?v=2,False,True,D1TeamBio.csv
730257152,BYU,Brigham Young University,Cougars,BYU,BYU,NCAA,D1,NCAA D1,d1-big-12-conference,D1 Big 12 Conference,Big 12 Conference,,https://static.trumedianetworks.com/images/ncaabaseball/teams/730257152.png?v=2,False,False,D1TeamBio.csv
3033,Baylor,Baylor University,Bears,BAY,Baylor,NCAA,D1,NCAA D1,d1-big-12-conference,D1 Big 12 Conference,Big 12 Conference,,https://static.trumedianetworks.com/images/ncaabaseball/teams/3033.png?v=2,False,False,D1TeamBio.csv
730256640,Central Florida,University of Central Florida,Knights,UCF,Central Florida,NCAA,D1,NCAA D1,d1-big-12-conference,D1 Big 12 Conference,Big 12 Conference,,https://static.trumedianetworks.com/images/ncaabaseball/teams/730256640.png?v=2,False,False,D1TeamBio.csv
5465,Cincinnati,University of Cincinnati,Bearcats,CIN,Cincinnati,NCAA,D1,NCAA D1,d1-big-12-conference,D1 Big 12 Conference,Big 12 Conference,,https://static.trumedianetworks.com/images/ncaabaseball/teams/5465.png?v=2,False,False,D1TeamBio.csv
3030,Houston,University of Houston,Cougars,HOU,Houston,NCAA,D1,NCAA D1,d1-big-12-conference,D1 Big 12 Conference,Big 12 Conference,,https://static.trumedianetworks.com/images/ncaabaseball/teams/3030.png?v=2,False,False,D1TeamBio.csv
730360064,Kansas,University of Kansas,Jayhawks,KU,Kansas,NCAA,D1,NCAA D1,d1-big-12-conference,D1 Big 12 Conference,Big 12 Conference,,https://static.trumedianetworks.com/images/ncaabaseball/teams/730360064.png?v=2,False,True,D1TeamBio.csv
730270464,Kansas State,Kansas State University,Wildcats,KSU,Kansas State,NCAA,D1,NCAA D1,d1-big-12-conference,D1 Big 12 Conference,Big 12 Conference,,https://static.trumedianetworks.com/images/ncaabaseball/teams/730270464.png?v=2,False,False,D1TeamBio.csv
4245,Oklahoma State,Oklahoma State University,Cowboys,OKST,Oklahoma State,NCAA,D1,NCAA D1,d1-big-12-conference,D1 Big 12 Conference,Big 12 Conference,,https://static.trumedianetworks.com/images/ncaabaseball/teams/4245.png?v=2,False,False,D1TeamBio.csv
5045,TCU,Texas Christian University,Horned Frogs,TCU,TCU,NCAA,D1,NCAA D1,d1-big-12-conference,D1 Big 12 Conference,Big 12 Conference,,https://static.trumedianetworks.com/images/ncaabaseball/teams/5045.png?v=2,False,False,D1TeamBio.csv
2350,Texas Tech,Texas Tech University,Red Raiders,TTU,Texas Tech,NCAA,D1,NCAA D1,d1-big-12-conference,D1 Big 12 Conference,Big 12 Conference,,https://static.trumedianetworks.com/images/ncaabaseball/teams/2350.png?v=2,False,False,D1TeamBio.csv
730328320,Utah,University of Utah,Utes,UTAH,Utah,NCAA,D1,NCAA D1,d1-big-12-conference,D1 Big 12 Conference,Big 12 Conference,,https://static.trumedianetworks.com/images/ncaabaseball/teams/730328320.png?v=2,False,False,D1TeamBio.csv
5327,West Virginia,West Virginia University,Mountaineers,WVU,West Virginia,NCAA,D1,NCAA D1,d1-big-12-conference,D1 Big 12 Conference,Big 12 Conference,,https://static.trumedianetworks.com/images/ncaabaseball/teams/5327.png?v=2,False,False,D1TeamBio.csv
730283520,Butler,Butler University,Bulldogs,BUT,Butler,NCAA,D1,NCAA D1,d1-big-east-conference,D1 Big East Conference,Big East Conference,,https://static.trumedianetworks.com/images/ncaabaseball/teams/730283520.png?v=2,False,False,D1TeamBio.csv
5486,Connecticut,University of Connecticut,Huskies,CONN,Connecticut,NCAA,D1,NCAA D1,d1-big-east-conference,D1 Big East Conference,Big East Conference,,https://static.trumedianetworks.com/images/ncaabaseball/teams/5486.png?v=2,False,False,D1TeamBio.csv
730243840,Creighton,Creighton University,Bluejays,CREI,Creighton,NCAA,D1,NCAA D1,d1-big-east-conference,D1 Big East Conference,Big East Conference,,https://static.trumedianetworks.com/images/ncaabaseball/teams/730243840.png?v=2,False,False,D1TeamBio.csv
2330,Georgetown,Georgetown University,Hoyas,GTWN,Georgetown,NCAA,D1,NCAA D1,d1-big-east-conference,D1 Big East Conference,Big East Conference,,https://static.trumedianetworks.com/images/ncaabaseball/teams/2330.png?v=2,False,False,D1TeamBio.csv
730272512,Seton Hall,Seton Hall University,Pirates,HALL,Seton Hall,NCAA,D1,NCAA D1,d1-big-east-conference,D1 Big East Conference,Big East Conference,,https://static.trumedianetworks.com/images/ncaabaseball/teams/730272512.png?v=2,False,False,D1TeamBio.csv
4285,St. John's,St. John's University (NY),Red Storm,SJU,St. John's,NCAA,D1,NCAA D1,d1-big-east-conference,D1 Big East Conference,Big East Conference,,https://static.trumedianetworks.com/images/ncaabaseball/teams/4285.png?v=2,False,False,D1TeamBio.csv
730278400,Villanova,Villanova University,Wildcats,VILL,Villanova,NCAA,D1,NCAA D1,d1-big-east-conference,D1 Big East Conference,Big East Conference,,https://static.trumedianetworks.com/images/ncaabaseball/teams/730278400.png?v=2,False,False,D1TeamBio.csv
5464,Xavier,Xavier University,Musketeers,XAV,Xavier,NCAA,D1,NCAA D1,d1-big-east-conference,D1 Big East Conference,Big East Conference,,https://static.trumedianetworks.com/images/ncaabaseball/teams/5464.png?v=2,False,False,D1TeamBio.csv
730194432,Charleston Southern,Charleston Southern University,Buccaneers,CHSO,Charleston Southern,NCAA,D1,NCAA D1,d1-big-south-conference,D1 Big South Conference,Big South Conference,,https://static.trumedianetworks.com/images/ncaabaseball/teams/730194432.png?v=2,False,False,D1TeamBio.csv
730222592,Gardner Webb,Gardner Webb University,Runnin' Bulldogs,WEBB,Gardner Webb,NCAA,D1,NCAA D1,d1-big-south-conference,D1 Big South Conference,Big South Conference,,https://static.trumedianetworks.com/images/ncaabaseball/teams/730222592.png?v=2,False,False,D1TeamBio.csv
730321152,High Point,High Point University,Panthers,HP,High Point,NCAA,D1,NCAA D1,d1-big-south-conference,D1 Big South Conference,Big South Conference,,https://static.trumedianetworks.com/images/ncaabaseball/teams/730321152.png?v=2,False,False,D1TeamBio.csv
730219264,Longwood,Longwood University,Lancers,LONG,Longwood,NCAA,D1,NCAA D1,d1-big-south-conference,D1 Big South Conference,Big South Conference,,https://static.trumedianetworks.com/images/ncaabaseball/teams/730219264.png?v=2,False,False,D1TeamBio.csv
730184192,Presbyterian,Presbyterian College,Blue Hose,PRE,Presbyterian,NCAA,D1,NCAA D1,d1-big-south-conference,D1 Big South Conference,Big South Conference,,https://static.trumedianetworks.com/images/ncaabaseball/teams/730184192.png?v=2,False,False,D1TeamBio.csv
730267392,Radford,Radford University,Highlanders,RAD,Radford,NCAA,D1,NCAA D1,d1-big-south-conference,D1 Big South Conference,Big South Conference,,https://static.trumedianetworks.com/images/ncaabaseball/teams/730267392.png?v=2,False,False,D1TeamBio.csv
730317312,South Carolina Upstate,University of South Carolina Upstate,Spartans,SCUS,South Carolina Upstate,NCAA,D1,NCAA D1,d1-big-south-conference,D1 Big South Conference,Big South Conference,,https://static.trumedianetworks.com/images/ncaabaseball/teams/730317312.png?v=2,False,False,D1TeamBio.csv
1570,UNC Asheville,UNC Asheville,Bulldogs,UNCA,UNC Asheville,NCAA,D1,NCAA D1,d1-big-south-conference,D1 Big South Conference,Big South Conference,,https://static.trumedianetworks.com/images/ncaabaseball/teams/1570.png?v=2,False,False,D1TeamBio.csv
730294784,Winthrop,Winthrop University,Eagles,WIN,Winthrop,NCAA,D1,NCAA D1,d1-big-south-conference,D1 Big South Conference,Big South Conference,,https://static.trumedianetworks.com/images/ncaabaseball/teams/730294784.png?v=2,False,False,D1TeamBio.csv
730163456,Illinois,University of Illinois,Fighting Illini,ILL,Illinois,NCAA,D1,NCAA D1,d1-big-ten-conference,D1 Big Ten Conference,Big Ten Conference,,https://static.trumedianetworks.com/images/ncaabaseball/teams/730163456.png?v=2,False,False,D1TeamBio.csv
4866,Indiana,"Indiana University, Bloomington",Hoosiers,IND,Indiana,NCAA,D1,NCAA D1,d1-big-ten-conference,D1 Big Ten Conference,Big Ten Conference,,https://static.trumedianetworks.com/images/ncaabaseball/teams/4866.png?v=2,False,False,D1TeamBio.csv
1232,Iowa,University of Iowa,Hawkeyes,IOWA,Iowa,NCAA,D1,NCAA D1,d1-big-ten-conference,D1 Big Ten Conference,Big Ten Conference,,https://static.trumedianetworks.com/images/ncaabaseball/teams/1232.png?v=2,False,False,D1TeamBio.csv
730172928,Maryland,University of Maryland-College Park,Terrapins,MD,Maryland,NCAA,D1,NCAA D1,d1-big-ten-conference,D1 Big Ten Conference,Big Ten Conference,,https://static.trumedianetworks.com/images/ncaabaseball/teams/730172928.png?v=2,False,False,D1TeamBio.csv
2290,Michigan,University of Michigan,Wolverines,MICH,Michigan,NCAA,D1,NCAA D1,d1-big-ten-conference,D1 Big Ten Conference,Big Ten Conference,,https://static.trumedianetworks.com/images/ncaabaseball/teams/2290.png?v=2,False,True,D1TeamBio.csv
1551,Michigan State,Michigan State University,Spartans,MSU,Michigan State,NCAA,D1,NCAA D1,d1-big-ten-conference,D1 Big Ten Conference,Big Ten Conference,,https://static.trumedianetworks.com/images/ncaabaseball/teams/1551.png?v=2,False,True,D1TeamBio.csv
4864,Minnesota,University of Minnesota,Golden Gophers,MINN,Minnesota,NCAA,D1,NCAA D1,d1-big-ten-conference,D1 Big Ten Conference,Big Ten Conference,,https://static.trumedianetworks.com/images/ncaabaseball/teams/4864.png?v=2,False,True,D1TeamBio.csv
4865,Nebraska,University of Nebraska,Cornhuskers,NEB,Nebraska,NCAA,D1,NCAA D1,d1-big-ten-conference,D1 Big Ten Conference,Big Ten Conference,,https://static.trumedianetworks.com/images/ncaabaseball/teams/4865.png?v=2,False,False,D1TeamBio.csv
730247680,Northwestern,Northwestern University,Wildcats,NW,Northwestern,NCAA,D1,NCAA D1,d1-big-ten-conference,D1 Big Ten Conference,Big Ten Conference,,https://static.trumedianetworks.com/images/ncaabaseball/teams/730247680.png?v=2,False,False,D1TeamBio.csv
4144,Ohio State,The Ohio State University,Buckeyes,OSU,Ohio State,NCAA,D1,NCAA D1,d1-big-ten-conference,D1 Big Ten Conference,Big Ten Conference,,https://static.trumedianetworks.com/images/ncaabaseball/teams/4144.png?v=2,False,False,D1TeamBio.csv
4807,Oregon,University of Oregon,Ducks,ORE,Oregon,NCAA,D1,NCAA D1,d1-big-ten-conference,D1 Big Ten Conference,Big Ten Conference,,https://static.trumedianetworks.com/images/ncaabaseball/teams/4807.png?v=2,False,False,D1TeamBio.csv
5326,Penn State,Penn State University,Nittany Lions,PSU,Penn State,NCAA,D1,NCAA D1,d1-big-ten-conference,D1 Big Ten Conference,Big Ten Conference,,https://static.trumedianetworks.com/images/ncaabaseball/teams/5326.png?v=2,False,True,D1TeamBio.csv
730353152,Purdue,Purdue University,Boilermakers,PUR,Purdue,NCAA,D1,NCAA D1,d1-big-ten-conference,D1 Big Ten Conference,Big Ten Conference,,https://static.trumedianetworks.com/images/ncaabaseball/teams/730353152.png?v=2,False,False,D1TeamBio.csv
730229248,Rutgers,Rutgers University,Scarlet Knights,RUTG,Rutgers,NCAA,D1,NCAA D1,d1-big-ten-conference,D1 Big Ten Conference,Big Ten Conference,,https://static.trumedianetworks.com/images/ncaabaseball/teams/730229248.png?v=2,False,True,D1TeamBio.csv
5048,UCLA,UCLA,Bruins,UCLA,UCLA,NCAA,D1,NCAA D1,d1-big-ten-conference,D1 Big Ten Conference,Big Ten Conference,,https://static.trumedianetworks.com/images/ncaabaseball/teams/5048.png?v=2,False,False,D1TeamBio.csv
5047,USC,University of Southern California,Trojans,USC,USC,NCAA,D1,NCAA D1,d1-big-ten-conference,D1 Big Ten Conference,Big Ten Conference,,https://static.trumedianetworks.com/images/ncaabaseball/teams/5047.png?v=2,False,False,D1TeamBio.csv
3110,Washington,University of Washington,Huskies,WASH,Washington,NCAA,D1,NCAA D1,d1-big-ten-conference,D1 Big Ten Conference,Big Ten Conference,,https://static.trumedianetworks.com/images/ncaabaseball/teams/3110.png?v=2,False,True,D1TeamBio.csv
730283008,CSU Bakersfield,CSU Bakersfield,Roadrunners,CSB,CSU Bakersfield,NCAA,D1,NCAA D1,d1-big-west-conference,D1 Big West Conference,Big West Conference,,https://static.trumedianetworks.com/images/ncaabaseball/teams/730283008.png?v=2,False,True,D1TeamBio.csv
5414,CSU Fullerton,Cal State Fullerton,Titans,CSF,CSU Fullerton,NCAA,D1,NCAA D1,d1-big-west-conference,D1 Big West Conference,Big West Conference,,https://static.trumedianetworks.com/images/ncaabaseball/teams/5414.png?v=2,False,False,D1TeamBio.csv
730380032,CSU Northridge,Cal State-Northridge,Matadors,CSN,CSU Northridge,NCAA,D1,NCAA D1,d1-big-west-conference,D1 Big West Conference,Big West Conference,,https://static.trumedianetworks.com/images/ncaabaseball/teams/730380032.png?v=2,False,True,D1TeamBio.csv
5487,Cal Poly,Cal Poly,Mustangs,CP,Cal Poly,NCAA,D1,NCAA D1,d1-big-west-conference,D1 Big West Conference,Big West Conference,,https://static.trumedianetworks.com/images/ncaabaseball/teams/5487.png?v=2,False,True,D1TeamBio.csv
730158848,Hawaii,"University of Hawaii, Manoa",Warriors,HAW,Hawaii,NCAA,D1,NCAA D1,d1-big-west-conference,D1 Big West Conference,Big West Conference,,https://static.trumedianetworks.com/images/ncaabaseball/teams/730158848.png?v=2,False,False,D1TeamBio.csv
730224128,Long Beach State,Long Beach State University,49ers,LBSU,Long Beach State,NCAA,D1,NCAA D1,d1-big-west-conference,D1 Big West Conference,Big West Conference,,https://static.trumedianetworks.com/images/ncaabaseball/teams/730224128.png?v=2,False,False,D1TeamBio.csv
730153984,UC Davis,UC Davis,Aggies,UCD,UC Davis,NCAA,D1,NCAA D1,d1-big-west-conference,D1 Big West Conference,Big West Conference,,https://static.trumedianetworks.com/images/ncaabaseball/teams/730153984.png?v=2,False,False,D1TeamBio.csv
3031,UC Irvine,UC Irvine,Anteaters,UCI,UC Irvine,NCAA,D1,NCAA D1,d1-big-west-conference,D1 Big West Conference,Big West Conference,,https://static.trumedianetworks.com/images/ncaabaseball/teams/3031.png?v=2,False,False,D1TeamBio.csv
730281728,UC Riverside,UC Riverside,Highlanders,UCRV,UC Riverside,NCAA,D1,NCAA D1,d1-big-west-conference,D1 Big West Conference,Big West Conference,,https://static.trumedianetworks.com/images/ncaabaseball/teams/730281728.png?v=2,False,False,D1TeamBio.csv
730348032,UC San Diego,UC San Diego,Tritons,UCSD,UC San Diego,NCAA,D1,NCAA D1,d1-big-west-conference,D1 Big West Conference,Big West Conference,,https://static.trumedianetworks.com/images/ncaabaseball/teams/730348032.png?v=2,False,False,D1TeamBio.csv
730364160,UC Santa Barbara,UC Santa Barbara,Gauchos,UCSB,UC Santa Barbara,NCAA,D1,NCAA D1,d1-big-west-conference,D1 Big West Conference,Big West Conference,,https://static.trumedianetworks.com/images/ncaabaseball/teams/730364160.png?v=2,False,False,D1TeamBio.csv
730187776,Campbell,Campbell University,Fighting Camels,CAMP,Campbell,NCAA,D1,NCAA D1,d1-coastal-athletic-association,D1 Coastal Athletic Association,Coastal Athletic Association,,https://static.trumedianetworks.com/images/ncaabaseball/teams/730187776.png?v=2,False,True,D1TeamBio.csv
730177792,College of Charleston,College of Charleston,Cougars,COFC,College of Charleston,NCAA,D1,NCAA D1,d1-coastal-athletic-association,D1 Coastal Athletic Association,Coastal Athletic Association,,https://static.trumedianetworks.com/images/ncaabaseball/teams/730177792.png?v=2,False,False,D1TeamBio.csv
730252544,Elon,Elon University,Phoenix,ELON,Elon,NCAA,D1,NCAA D1,d1-coastal-athletic-association,D1 Coastal Athletic Association,Coastal Athletic Association,,https://static.trumedianetworks.com/images/ncaabaseball/teams/730252544.png?v=2,False,False,D1TeamBio.csv
730245120,Hofstra,Hofstra University,Pride,HOF,Hofstra,NCAA,D1,NCAA D1,d1-coastal-athletic-association,D1 Coastal Athletic Association,Coastal Athletic Association,,https://static.trumedianetworks.com/images/ncaabaseball/teams/730245120.png?v=2,False,False,D1TeamBio.csv
4164,Monmouth,Monmouth University,Hawks,MONM,Monmouth,NCAA,D1,NCAA D1,d1-coastal-athletic-association,D1 Coastal Athletic Association,Coastal Athletic Association,,https://static.trumedianetworks.com/images/ncaabaseball/teams/4164.png?v=2,False,False,D1TeamBio.csv
730372352,North Carolina A&T,North Carolina A&T State University,Aggies,NCAT,North Carolina A&T,NCAA,D1,NCAA D1,d1-coastal-athletic-association,D1 Coastal Athletic Association,Coastal Athletic Association,,https://static.trumedianetworks.com/images/ncaabaseball/teams/730372352.png?v=2,False,False,D1TeamBio.csv
343,Northeastern,Northeastern University,Huskies,NE,Northeastern,NCAA,D1,NCAA D1,d1-coastal-athletic-association,D1 Coastal Athletic Association,Coastal Athletic Association,,https://static.trumedianetworks.com/images/ncaabaseball/teams/343.png?v=2,False,False,D1TeamBio.csv
730249984,Stony Brook,Stony Brook University,Seawolves,STON,Stony Brook,NCAA,D1,NCAA D1,d1-coastal-athletic-association,D1 Coastal Athletic Association,Coastal Athletic Association,,https://static.trumedianetworks.com/images/ncaabaseball/teams/730249984.png?v=2,False,False,D1TeamBio.csv
730318336,Towson,Towson University,Tigers,TOWS,Towson,NCAA,D1,NCAA D1,d1-coastal-athletic-association,D1 Coastal Athletic Association,Coastal Athletic Association,,https://static.trumedianetworks.com/images/ncaabaseball/teams/730318336.png?v=2,False,False,D1TeamBio.csv
730229504,UNC Wilmington,UNC Wilmington,Seahawks,UNCW,UNC Wilmington,NCAA,D1,NCAA D1,d1-coastal-athletic-association,D1 Coastal Athletic Association,Coastal Athletic Association,,https://static.trumedianetworks.com/images/ncaabaseball/teams/730229504.png?v=2,False,False,D1TeamBio.csv
730232064,William & Mary,College of William & Mary,Tribe,WM,William & Mary,NCAA,D1,NCAA D1,d1-coastal-athletic-association,D1 Coastal Athletic Association,Coastal Athletic Association,,https://static.trumedianetworks.com/images/ncaabaseball/teams/730232064.png?v=2,False,False,D1TeamBio.csv
730198016,Dallas Baptist,Dallas Baptist University,Patriots,DBU,Dallas Baptist,NCAA,D1,NCAA D1,d1-conference-usa,D1 Conference USA,Conference USA,,https://static.trumedianetworks.com/images/ncaabaseball/teams/730198016.png?v=2,False,False,D1TeamBio.csv
730203136,Delaware,University of Delaware,Fightin Blue Hens,DEL,Delaware,NCAA,D1,NCAA D1,d1-conference-usa,D1 Conference USA,Conference USA,,https://static.trumedianetworks.com/images/ncaabaseball/teams/730203136.png?v=2,False,False,D1TeamBio.csv
4468,Florida International,Florida International University,Golden Panthers,FIU,Florida International,NCAA,D1,NCAA D1,d1-conference-usa,D1 Conference USA,Conference USA,,https://static.trumedianetworks.com/images/ncaabaseball/teams/4468.png?v=2,False,False,D1TeamBio.csv
730225408,Jacksonville State,Jacksonville State University,Gamecocks,JVST,Jacksonville State,NCAA,D1,NCAA D1,d1-conference-usa,D1 Conference USA,Conference USA,,https://static.trumedianetworks.com/images/ncaabaseball/teams/730225408.png?v=2,False,False,D1TeamBio.csv
730197504,Kennesaw State,Kennesaw State University,Owls,KENN,Kennesaw State,NCAA,D1,NCAA D1,d1-conference-usa,D1 Conference USA,Conference USA,,https://static.trumedianetworks.com/images/ncaabaseball/teams/730197504.png?v=2,False,False,D1TeamBio.csv
730156288,Liberty,Liberty University,Flames,LIB,Liberty,NCAA,D1,NCAA D1,d1-conference-usa,D1 Conference USA,Conference USA,,https://static.trumedianetworks.com/images/ncaabaseball/teams/730156288.png?v=2,False,False,D1TeamBio.csv
3374,Louisiana Tech,Louisiana Tech University,Bulldogs,LT,Louisiana Tech,NCAA,D1,NCAA D1,d1-conference-usa,D1 Conference USA,Conference USA,,https://static.trumedianetworks.com/images/ncaabaseball/teams/3374.png?v=2,False,False,D1TeamBio.csv
730158336,Middle Tennessee State,Middle Tennessee State University,Blue Raiders,MTU,Middle Tennessee State,NCAA,D1,NCAA D1,d1-conference-usa,D1 Conference USA,Conference USA,,https://static.trumedianetworks.com/images/ncaabaseball/teams/730158336.png?v=2,False,False,D1TeamBio.csv
5382,Missouri State,Missouri State University,Bears,MOSU,Missouri State,NCAA,D1,NCAA D1,d1-conference-usa,D1 Conference USA,Conference USA,,https://static.trumedianetworks.com/images/ncaabaseball/teams/5382.png?v=2,False,False,D1TeamBio.csv
730302720,New Mexico State,New Mexico State University,Aggies,NMSU,New Mexico State,NCAA,D1,NCAA D1,d1-conference-usa,D1 Conference USA,Conference USA,,https://static.trumedianetworks.com/images/ncaabaseball/teams/730302720.png?v=2,False,True,D1TeamBio.csv
5363,Sam Houston State,Sam Houston State University,Bearkats,SHSU,Sam Houston State,NCAA,D1,NCAA D1,d1-conference-usa,D1 Conference USA,Conference USA,,https://static.trumedianetworks.com/images/ncaabaseball/teams/5363.png?v=2,False,False,D1TeamBio.csv
730212096,Western Kentucky,Western Kentucky University,Hilltoppers,WKU,Western Kentucky,NCAA,D1,NCAA D1,d1-conference-usa,D1 Conference USA,Conference USA,,https://static.trumedianetworks.com/images/ncaabaseball/teams/730212096.png?v=2,False,False,D1TeamBio.csv
5036,Milwaukee,University of Wisconsin-Milwaukee,Panthers,MILW,Milwaukee,NCAA,D1,NCAA D1,d1-horizon-league,D1 Horizon League,Horizon League,,https://static.trumedianetworks.com/images/ncaabaseball/teams/5036.png?v=2,False,False,D1TeamBio.csv
730230272,Northern Kentucky,Northern Kentucky University,Norse,NKU,Northern Kentucky,NCAA,D1,NCAA D1,d1-horizon-league,D1 Horizon League,Horizon League,,https://static.trumedianetworks.com/images/ncaabaseball/teams/730230272.png?v=2,False,False,D1TeamBio.csv
5386,Oakland,Oakland University,Golden Grizzlies,OAK,Oakland,NCAA,D1,NCAA D1,d1-horizon-league,D1 Horizon League,Horizon League,,https://static.trumedianetworks.com/images/ncaabaseball/teams/5386.png?v=2,False,False,D1TeamBio.csv
5390,Wright State,Wright State University,Raiders,WRST,Wright State,NCAA,D1,NCAA D1,d1-horizon-league,D1 Horizon League,Horizon League,,https://static.trumedianetworks.com/images/ncaabaseball/teams/5390.png?v=2,False,False,D1TeamBio.csv
730284544,Youngstown State,Youngstown State University,Penguins,YSU,Youngstown State,NCAA,D1,NCAA D1,d1-horizon-league,D1 Horizon League,Horizon League,,https://static.trumedianetworks.com/images/ncaabaseball/teams/730284544.png?v=2,False,False,D1TeamBio.csv
3111,Oregon State,Oregon State University,Beavers,ORST,Oregon State,NCAA,D1,NCAA D1,d1-independent,D1 Independent,Independent,,https://static.trumedianetworks.com/images/ncaabaseball/teams/3111.png?v=2,False,False,D1TeamBio.csv
730236160,Brown,Brown University,Bears,BRWN,Brown,NCAA,D1,NCAA D1,d1-ivy-group,D1 Ivy Group,Ivy Group,,https://static.trumedianetworks.com/images/ncaabaseball/teams/730236160.png?v=2,False,False,D1TeamBio.csv
730319104,Columbia,Columbia University,Lions,CLMB,Columbia,NCAA,D1,NCAA D1,d1-ivy-group,D1 Ivy Group,Ivy Group,,https://static.trumedianetworks.com/images/ncaabaseball/teams/730319104.png?v=2,False,False,D1TeamBio.csv
730298624,Cornell,Cornell University,Big Red,COR,Cornell,NCAA,D1,NCAA D1,d1-ivy-group,D1 Ivy Group,Ivy Group,,https://static.trumedianetworks.com/images/ncaabaseball/teams/730298624.png?v=2,False,False,D1TeamBio.csv
730216192,Dartmouth,Dartmouth College,Big Green,DART,Dartmouth,NCAA,D1,NCAA D1,d1-ivy-group,D1 Ivy Group,Ivy Group,,https://static.trumedianetworks.com/images/ncaabaseball/teams/730216192.png?v=2,False,False,D1TeamBio.csv
5450,Harvard,Harvard University,Crimson,HARV,Harvard,NCAA,D1,NCAA D1,d1-ivy-group,D1 Ivy Group,Ivy Group,,https://static.trumedianetworks.com/images/ncaabaseball/teams/5450.png?v=2,False,False,D1TeamBio.csv
730292224,Pennsylvania,University of Pennsylvania,Quakers,PENN,Pennsylvania,NCAA,D1,NCAA D1,d1-ivy-group,D1 Ivy Group,Ivy Group,,https://static.trumedianetworks.com/images/ncaabaseball/teams/730292224.png?v=2,False,True,D1TeamBio.csv
730198784,Princeton,Princeton University,Tigers,PRIN,Princeton,NCAA,D1,NCAA D1,d1-ivy-group,D1 Ivy Group,Ivy Group,,https://static.trumedianetworks.com/images/ncaabaseball/teams/730198784.png?v=2,False,False,D1TeamBio.csv
730334464,Yale,Yale University,Bulldogs,YALE,Yale,NCAA,D1,NCAA D1,d1-ivy-group,D1 Ivy Group,Ivy Group,,https://static.trumedianetworks.com/images/ncaabaseball/teams/730334464.png?v=2,False,False,D1TeamBio.csv
730218752,Canisius,Canisius College,Golden Griffins,CAN,Canisius,NCAA,D1,NCAA D1,d1-metro-atlantic-athletic-conference,D1 Metro Atlantic Athletic Conference,Metro Atlantic Athletic Conference,,https://static.trumedianetworks.com/images/ncaabaseball/teams/730218752.png?v=2,False,False,D1TeamBio.csv
730380544,Fairfield,Fairfield University,Stags,FAIR,Fairfield,NCAA,D1,NCAA D1,d1-metro-atlantic-athletic-conference,D1 Metro Atlantic Athletic Conference,Metro Atlantic Athletic Conference,,https://static.trumedianetworks.com/images/ncaabaseball/teams/730380544.png?v=2,False,False,D1TeamBio.csv
730242048,Iona,Iona College,Gaels,IONA,Iona,NCAA,D1,NCAA D1,d1-metro-atlantic-athletic-conference,D1 Metro Atlantic Athletic Conference,Metro Atlantic Athletic Conference,,https://static.trumedianetworks.com/images/ncaabaseball/teams/730242048.png?v=2,False,False,D1TeamBio.csv
730363648,Manhattan,Manhattan College,Jaspers,MAN,Manhattan,NCAA,D1,NCAA D1,d1-metro-atlantic-athletic-conference,D1 Metro Atlantic Athletic Conference,Metro Atlantic Athletic Conference,,https://static.trumedianetworks.com/images/ncaabaseball/teams/730363648.png?v=2,False,True,D1TeamBio.csv
730374656,Marist,Marist College,Red Foxes,MRST,Marist,NCAA,D1,NCAA D1,d1-metro-atlantic-athletic-conference,D1 Metro Atlantic Athletic Conference,Metro Atlantic Athletic Conference,,https://static.trumedianetworks.com/images/ncaabaseball/teams/730374656.png?v=2,False,False,D1TeamBio.csv
730295552,Merrimack,Merrimack College,Warriors,MRMK,Merrimack,NCAA,D1,NCAA D1,d1-metro-atlantic-athletic-conference,D1 Metro Atlantic Athletic Conference,Metro Atlantic Athletic Conference,,https://static.trumedianetworks.com/images/ncaabaseball/teams/730295552.png?v=2,False,False,D1TeamBio.csv
730291712,Mount St. Mary's,Mount St. Mary's University,Mountaineers,MSM,Mount St. Mary's,NCAA,D1,NCAA D1,d1-metro-atlantic-athletic-conference,D1 Metro Atlantic Athletic Conference,Metro Atlantic Athletic Conference,,https://static.trumedianetworks.com/images/ncaabaseball/teams/730291712.png?v=2,False,False,D1TeamBio.csv
730156544,Niagara,Niagara University,Purple Eagles,NIAG,Niagara,NCAA,D1,NCAA D1,d1-metro-atlantic-athletic-conference,D1 Metro Atlantic Athletic Conference,Metro Atlantic Athletic Conference,,https://static.trumedianetworks.com/images/ncaabaseball/teams/730156544.png?v=2,False,False,D1TeamBio.csv
730386688,Quinnipiac,Quinnipiac University,Bobcats,QUIN,Quinnipiac,NCAA,D1,NCAA D1,d1-metro-atlantic-athletic-conference,D1 Metro Atlantic Athletic Conference,Metro Atlantic Athletic Conference,,https://static.trumedianetworks.com/images/ncaabaseball/teams/730386688.png?v=2,False,False,D1TeamBio.csv
730174976,Rider,Rider University,Broncs,RID,Rider,NCAA,D1,NCAA D1,d1-metro-atlantic-athletic-conference,D1 Metro Atlantic Athletic Conference,Metro Atlantic Athletic Conference,,https://static.trumedianetworks.com/images/ncaabaseball/teams/730174976.png?v=2,False,False,D1TeamBio.csv
730194944,Sacred Heart,Sacred Heart University,Pioneers,SHU,Sacred Heart,NCAA,D1,NCAA D1,d1-metro-atlantic-athletic-conference,D1 Metro Atlantic Athletic Conference,Metro Atlantic Athletic Conference,,https://static.trumedianetworks.com/images/ncaabaseball/teams/730194944.png?v=2,False,True,D1TeamBio.csv
730149888,Saint Peter's,Saint Peter's University,Peacocks,SPC,Saint Peter's,NCAA,D1,NCAA D1,d1-metro-atlantic-athletic-conference,D1 Metro Atlantic Athletic Conference,Metro Atlantic Athletic Conference,,https://static.trumedianetworks.com/images/ncaabaseball/teams/730149888.png?v=2,False,True,D1TeamBio.csv
730382592,Siena,Siena College,Saints,SIE,Siena,NCAA,D1,NCAA D1,d1-metro-atlantic-athletic-conference,D1 Metro Atlantic Athletic Conference,Metro Atlantic Athletic Conference,,https://static.trumedianetworks.com/images/ncaabaseball/teams/730382592.png?v=2,False,False,D1TeamBio.csv
540536064,Akron,University of Akron,Zips,AKR,Akron,NCAA,D1,NCAA D1,d1-mid-american-conference,D1 Mid-American Conference,Mid-American Conference,,https://static.trumedianetworks.com/images/ncaabaseball/teams/540536064.png?v=2,False,False,D1TeamBio.csv
730195456,Ball State,Ball State University,Cardinals,BALL,Ball State,NCAA,D1,NCAA D1,d1-mid-american-conference,D1 Mid-American Conference,Mid-American Conference,,https://static.trumedianetworks.com/images/ncaabaseball/teams/730195456.png?v=2,False,False,D1TeamBio.csv
730189056,Bowling Green,Bowling Green State University,Falcons,BGSU,Bowling Green,NCAA,D1,NCAA D1,d1-mid-american-conference,D1 Mid-American Conference,Mid-American Conference,,https://static.trumedianetworks.com/images/ncaabaseball/teams/730189056.png?v=2,False,False,D1TeamBio.csv
5342,Central Michigan,Central Michigan University,Chippewas,CMU,Central Michigan,NCAA,D1,NCAA D1,d1-mid-american-conference,D1 Mid-American Conference,Mid-American Conference,,https://static.trumedianetworks.com/images/ncaabaseball/teams/5342.png?v=2,False,True,D1TeamBio.csv
5385,Eastern Michigan,Eastern Michigan University,Eagles,EMU,Eastern Michigan,NCAA,D1,NCAA D1,d1-mid-american-conference,D1 Mid-American Conference,Mid-American Conference,,https://static.trumedianetworks.com/images/ncaabaseball/teams/5385.png?v=2,False,True,D1TeamBio.csv
730315008,Kent State,Kent State University,Golden Flashes,KENT,Kent State,NCAA,D1,NCAA D1,d1-mid-american-conference,D1 Mid-American Conference,Mid-American Conference,,https://static.trumedianetworks.com/images/ncaabaseball/teams/730315008.png?v=2,False,True,D1TeamBio.csv
730379264,Miami (OH),Miami University (Ohio),RedHawks,M-OH,Miami (OH),NCAA,D1,NCAA D1,d1-mid-american-conference,D1 Mid-American Conference,Mid-American Conference,,https://static.trumedianetworks.com/images/ncaabaseball/teams/730379264.png?v=2,False,False,D1TeamBio.csv
730386176,Northern Illinois,Northern Illinois University,Huskies,NIU,Northern Illinois,NCAA,D1,NCAA D1,d1-mid-american-conference,D1 Mid-American Conference,Mid-American Conference,,https://static.trumedianetworks.com/images/ncaabaseball/teams/730386176.png?v=2,False,False,D1TeamBio.csv
730298368,Ohio,Ohio University,Bobcats,OHIO,Ohio,NCAA,D1,NCAA D1,d1-mid-american-conference,D1 Mid-American Conference,Mid-American Conference,,https://static.trumedianetworks.com/images/ncaabaseball/teams/730298368.png?v=2,False,True,D1TeamBio.csv
5388,Toledo,University of Toledo,Rockets,TOL,Toledo,NCAA,D1,NCAA D1,d1-mid-american-conference,D1 Mid-American Conference,Mid-American Conference,,https://static.trumedianetworks.com/images/ncaabaseball/teams/5388.png?v=2,False,False,D1TeamBio.csv
5451,UMass,University of Massachusetts,Minutemen,MASS,UMass,NCAA,D1,NCAA D1,d1-mid-american-conference,D1 Mid-American Conference,Mid-American Conference,,https://static.trumedianetworks.com/images/ncaabaseball/teams/5451.png?v=2,False,True,D1TeamBio.csv
730165248,Western Michigan,Western Michigan University,Broncos,WMU,Western Michigan,NCAA,D1,NCAA D1,d1-mid-american-conference,D1 Mid-American Conference,Mid-American Conference,,https://static.trumedianetworks.com/images/ncaabaseball/teams/730165248.png?v=2,False,False,D1TeamBio.csv
730190336,Belmont,Belmont University,Bruins,BEL,Belmont,NCAA,D1,NCAA D1,d1-missouri-valley-conference,D1 Missouri Valley Conference,Missouri Valley Conference,,https://static.trumedianetworks.com/images/ncaabaseball/teams/730190336.png?v=2,False,False,D1TeamBio.csv
730253312,Bradley,Bradley University,Braves,BRAD,Bradley,NCAA,D1,NCAA D1,d1-missouri-valley-conference,D1 Missouri Valley Conference,Missouri Valley Conference,,https://static.trumedianetworks.com/images/ncaabaseball/teams/730253312.png?v=2,False,False,D1TeamBio.csv
730327808,Evansville,University of Evansville,Purple Aces,EVAN,Evansville,NCAA,D1,NCAA D1,d1-missouri-valley-conference,D1 Missouri Valley Conference,Missouri Valley Conference,,https://static.trumedianetworks.com/images/ncaabaseball/teams/730327808.png?v=2,False,True,D1TeamBio.csv
730258944,Illinois State,Illinois State University,Redbirds,ILST,Illinois State,NCAA,D1,NCAA D1,d1-missouri-valley-conference,D1 Missouri Valley Conference,Missouri Valley Conference,,https://static.trumedianetworks.com/images/ncaabaseball/teams/730258944.png?v=2,False,False,D1TeamBio.csv
5379,Illinois-Chicago,University of Illinois-Chicago,Flames,UIC,Illinois-Chicago,NCAA,D1,NCAA D1,d1-missouri-valley-conference,D1 Missouri Valley Conference,Missouri Valley Conference,,https://static.trumedianetworks.com/images/ncaabaseball/teams/5379.png?v=2,False,False,D1TeamBio.csv
730350080,Indiana State,Indiana State University,Sycamores,INST,Indiana State,NCAA,D1,NCAA D1,d1-missouri-valley-conference,D1 Missouri Valley Conference,Missouri Valley Conference,,https://static.trumedianetworks.com/images/ncaabaseball/teams/730350080.png?v=2,False,False,D1TeamBio.csv
730188032,Murray State,Murray State University,Racers,MURR,Murray State,NCAA,D1,NCAA D1,d1-missouri-valley-conference,D1 Missouri Valley Conference,Missouri Valley Conference,,https://static.trumedianetworks.com/images/ncaabaseball/teams/730188032.png?v=2,False,False,D1TeamBio.csv
730349824,Southern Illinois,Southern Illinois University,Salukis,SIU,Southern Illinois,NCAA,D1,NCAA D1,d1-missouri-valley-conference,D1 Missouri Valley Conference,Missouri Valley Conference,,https://static.trumedianetworks.com/images/ncaabaseball/teams/730349824.png?v=2,False,True,D1TeamBio.csv
730369536,Valparaiso,Valparaiso University,Crusaders,VALP,Valparaiso,NCAA,D1,NCAA D1,d1-missouri-valley-conference,D1 Missouri Valley Conference,Missouri Valley Conference,,https://static.trumedianetworks.com/images/ncaabaseball/teams/730369536.png?v=2,False,False,D1TeamBio.csv
730205440,Air Force,Air Force Academy,Falcons,AFA,Air Force,NCAA,D1,NCAA D1,d1-mountain-west,D1 Mountain West,Mountain West,,https://static.trumedianetworks.com/images/ncaabaseball/teams/730205440.png?v=2,False,False,D1TeamBio.csv
730384384,Fresno State,Fresno State,Bulldogs,FRES,Fresno State,NCAA,D1,NCAA D1,d1-mountain-west,D1 Mountain West,Mountain West,,https://static.trumedianetworks.com/images/ncaabaseball/teams/730384384.png?v=2,False,False,D1TeamBio.csv
5310,Grand Canyon,Grand Canyon University,Antelopes,GC,Grand Canyon,NCAA,D1,NCAA D1,d1-mountain-west,D1 Mountain West,Mountain West,,https://static.trumedianetworks.com/images/ncaabaseball/teams/5310.png?v=2,False,True,D1TeamBio.csv
4784,Nevada,University of Nevada,Wolf Pack,NEV,Nevada,NCAA,D1,NCAA D1,d1-mountain-west,D1 Mountain West,Mountain West,,https://static.trumedianetworks.com/images/ncaabaseball/teams/4784.png?v=2,False,False,D1TeamBio.csv
730153472,New Mexico,University of New Mexico,Lobos,UNM,New Mexico,NCAA,D1,NCAA D1,d1-mountain-west,D1 Mountain West,Mountain West,,https://static.trumedianetworks.com/images/ncaabaseball/teams/730153472.png?v=2,False,False,D1TeamBio.csv
730218496,San Diego State,San Diego State University,Aztecs,SDSU,San Diego State,NCAA,D1,NCAA D1,d1-mountain-west,D1 Mountain West,Mountain West,,https://static.trumedianetworks.com/images/ncaabaseball/teams/730218496.png?v=2,False,False,D1TeamBio.csv
730206720,San Jose State,San Jose State University,Spartans,SJSU,San Jose State,NCAA,D1,NCAA D1,d1-mountain-west,D1 Mountain West,Mountain West,,https://static.trumedianetworks.com/images/ncaabaseball/teams/730206720.png?v=2,False,False,D1TeamBio.csv
730161664,UNLV,UNLV,Rebels,UNLV,UNLV,NCAA,D1,NCAA D1,d1-mountain-west,D1 Mountain West,Mountain West,,https://static.trumedianetworks.com/images/ncaabaseball/teams/730161664.png?v=2,False,False,D1TeamBio.csv
4505,Washington State,Washington State University,Cougars,WSU,Washington State,NCAA,D1,NCAA D1,d1-mountain-west,D1 Mountain West,Mountain West,,https://static.trumedianetworks.com/images/ncaabaseball/teams/4505.png?v=2,False,True,D1TeamBio.csv
730306816,Central Connecticut State,Central Connecticut State University,Blue Devils,CCSU,Central Connecticut State,NCAA,D1,NCAA D1,d1-northeast-conference,D1 Northeast Conference,Northeast Conference,,https://static.trumedianetworks.com/images/ncaabaseball/teams/730306816.png?v=2,False,False,D1TeamBio.csv
730194176,Coppin State,Coppin State University,Eagles,COPP,Coppin State,NCAA,D1,NCAA D1,d1-northeast-conference,D1 Northeast Conference,Northeast Conference,,https://static.trumedianetworks.com/images/ncaabaseball/teams/730194176.png?v=2,False,False,D1TeamBio.csv
730217984,Delaware State,Delaware State University,Hornets,DSU,Delaware State,NCAA,D1,NCAA D1,d1-northeast-conference,D1 Northeast Conference,Northeast Conference,,https://static.trumedianetworks.com/images/ncaabaseball/teams/730217984.png?v=2,False,False,D1TeamBio.csv
730355200,Fairleigh Dickinson,Fairleigh Dickinson University,Knights,FDU,Fairleigh Dickinson,NCAA,D1,NCAA D1,d1-northeast-conference,D1 Northeast Conference,Northeast Conference,,https://static.trumedianetworks.com/images/ncaabaseball/teams/730355200.png?v=2,False,False,D1TeamBio.csv
730352896,LIU Brooklyn,Long Island University-Brooklyn,Sharks,LIU,LIU Brooklyn,NCAA,D1,NCAA D1,d1-northeast-conference,D1 Northeast Conference,Northeast Conference,,https://static.trumedianetworks.com/images/ncaabaseball/teams/730352896.png?v=2,False,False,D1TeamBio.csv
730202880,Le Moyne,Le Moyne College,,LMC,Le Moyne,NCAA,D1,NCAA D1,d1-northeast-conference,D1 Northeast Conference,Northeast Conference,,https://static.trumedianetworks.com/images/ncaabaseball/teams/730202880.png?v=2,False,False,D1TeamBio.csv
730289152,Maryland Eastern Shore,University of Maryland Eastern Shore,Hawks,UMES,Maryland Eastern Shore,NCAA,D1,NCAA D1,d1-northeast-conference,D1 Northeast Conference,Northeast Conference,,https://static.trumedianetworks.com/images/ncaabaseball/teams/730289152.png?v=2,False,False,D1TeamBio.csv
730196224,Mercyhurst,Mercyhurst College,Lakers,MCYH,Mercyhurst,NCAA,D1,NCAA D1,d1-northeast-conference,D1 Northeast Conference,Northeast Conference,,https://static.trumedianetworks.com/images/ncaabaseball/teams/730196224.png?v=2,False,False,D1TeamBio.csv
3904,Norfolk State,Norfolk State University,Spartans,NORF,Norfolk State,NCAA,D1,NCAA D1,d1-northeast-conference,D1 Northeast Conference,Northeast Conference,,https://static.trumedianetworks.com/images/ncaabaseball/teams/3904.png?v=2,False,False,D1TeamBio.csv
730238464,Stonehill,Stonehill College,,SC,Stonehill,NCAA,D1,NCAA D1,d1-northeast-conference,D1 Northeast Conference,Northeast Conference,,https://static.trumedianetworks.com/images/ncaabaseball/teams/730238464.png?v=2,False,True,D1TeamBio.csv
730356224,University of New Haven,University of New Haven,,UONH,University of New Haven,NCAA,D1,NCAA D1,d1-northeast-conference,D1 Northeast Conference,Northeast Conference,,https://static.trumedianetworks.com/images/ncaabaseball/teams/730356224.png?v=2,False,False,D1TeamBio.csv
730192640,Wagner,Wagner College,Seahawks,WAG,Wagner,NCAA,D1,NCAA D1,d1-northeast-conference,D1 Northeast Conference,Northeast Conference,,https://static.trumedianetworks.com/images/ncaabaseball/teams/730192640.png?v=2,False,False,D1TeamBio.csv
730271744,Eastern Illinois,Eastern Illinois University,Panthers,EIU,Eastern Illinois,NCAA,D1,NCAA D1,d1-ohio-valley-conference,D1 Ohio Valley Conference,Ohio Valley Conference,,https://static.trumedianetworks.com/images/ncaabaseball/teams/730271744.png?v=2,False,False,D1TeamBio.csv
730322176,Lindenwood,Lindenwood University,,LU,Lindenwood,NCAA,D1,NCAA D1,d1-ohio-valley-conference,D1 Ohio Valley Conference,Ohio Valley Conference,,https://static.trumedianetworks.com/images/ncaabaseball/teams/730322176.png?v=2,False,True,D1TeamBio.csv
730217472,Little Rock,Little Rock,Trojans,UALR,Little Rock,NCAA,D1,NCAA D1,d1-ohio-valley-conference,D1 Ohio Valley Conference,Ohio Valley Conference,,https://static.trumedianetworks.com/images/ncaabaseball/teams/730217472.png?v=2,False,False,D1TeamBio.csv
730158080,Morehead State,Morehead State University,Eagles,MORE,Morehead State,NCAA,D1,NCAA D1,d1-ohio-valley-conference,D1 Ohio Valley Conference,Ohio Valley Conference,,https://static.trumedianetworks.com/images/ncaabaseball/teams/730158080.png?v=2,False,True,D1TeamBio.csv
730298112,SIU Edwardsville,Southern Illinois Univ.-Edwardsville,Cougars,SIUE,SIU Edwardsville,NCAA,D1,NCAA D1,d1-ohio-valley-conference,D1 Ohio Valley Conference,Ohio Valley Conference,,https://static.trumedianetworks.com/images/ncaabaseball/teams/730298112.png?v=2,False,False,D1TeamBio.csv
730168576,Southeast Missouri State,Southeast Missouri State University,Redhawks,SEMO,Southeast Missouri State,NCAA,D1,NCAA D1,d1-ohio-valley-conference,D1 Ohio Valley Conference,Ohio Valley Conference,,https://static.trumedianetworks.com/images/ncaabaseball/teams/730168576.png?v=2,False,False,D1TeamBio.csv
730288640,Southern Indiana,University of Southern Indiana,Screaming Eagles,SIND,Southern Indiana,NCAA,D1,NCAA D1,d1-ohio-valley-conference,D1 Ohio Valley Conference,Ohio Valley Conference,,https://static.trumedianetworks.com/images/ncaabaseball/teams/730288640.png?v=2,False,False,D1TeamBio.csv
730166272,Tennessee Tech,Tennessee Technological University,Golden Eagles,TNTC,Tennessee Tech,NCAA,D1,NCAA D1,d1-ohio-valley-conference,D1 Ohio Valley Conference,Ohio Valley Conference,,https://static.trumedianetworks.com/images/ncaabaseball/teams/730166272.png?v=2,False,False,D1TeamBio.csv
730238976,UT Martin,University of Tennessee at Martin,Skyhawks,UTM,UT Martin,NCAA,D1,NCAA D1,d1-ohio-valley-conference,D1 Ohio Valley Conference,Ohio Valley Conference,,https://static.trumedianetworks.com/images/ncaabaseball/teams/730238976.png?v=2,False,False,D1TeamBio.csv
730370560,Western Illinois,Western Illinois University,Leathernecks,WIU,Western Illinois,NCAA,D1,NCAA D1,d1-ohio-valley-conference,D1 Ohio Valley Conference,Ohio Valley Conference,,https://static.trumedianetworks.com/images/ncaabaseball/teams/730370560.png?v=2,False,True,D1TeamBio.csv
4744,Army,Army West Point,Black Knights,ARMY,Army,NCAA,D1,NCAA D1,d1-patriot-league,D1 Patriot League,Patriot League,,https://static.trumedianetworks.com/images/ncaabaseball/teams/4744.png?v=2,False,False,D1TeamBio.csv
730214144,Bucknell,Bucknell University,Bison,BUCK,Bucknell,NCAA,D1,NCAA D1,d1-patriot-league,D1 Patriot League,Patriot League,,https://static.trumedianetworks.com/images/ncaabaseball/teams/730214144.png?v=2,False,False,D1TeamBio.csv
730310656,Holy Cross,College of the Holy Cross,Crusaders,HC,Holy Cross,NCAA,D1,NCAA D1,d1-patriot-league,D1 Patriot League,Patriot League,,https://static.trumedianetworks.com/images/ncaabaseball/teams/730310656.png?v=2,False,True,D1TeamBio.csv
730217728,Lafayette,Lafayette College,Leopards,LAF,Lafayette,NCAA,D1,NCAA D1,d1-patriot-league,D1 Patriot League,Patriot League,,https://static.trumedianetworks.com/images/ncaabaseball/teams/730217728.png?v=2,False,False,D1TeamBio.csv
730333184,Lehigh,Lehigh University,Mountain Hawks,LEH,Lehigh,NCAA,D1,NCAA D1,d1-patriot-league,D1 Patriot League,Patriot League,,https://static.trumedianetworks.com/images/ncaabaseball/teams/730333184.png?v=2,False,False,D1TeamBio.csv
508,Navy,U.S. Naval Academy,Midshipmen,NAVY,Navy,NCAA,D1,NCAA D1,d1-patriot-league,D1 Patriot League,Patriot League,,https://static.trumedianetworks.com/images/ncaabaseball/teams/508.png?v=2,False,False,D1TeamBio.csv
730206976,Alabama,University of Alabama,Crimson Tide,ALA,Alabama,NCAA,D1,NCAA D1,d1-southeastern-conference,D1 Southeastern Conference,Southeastern Conference,,https://static.trumedianetworks.com/images/ncaabaseball/teams/730206976.png?v=2,False,False,D1TeamBio.csv
3375,Arkansas,University of Arkansas,Razorbacks,ARK,Arkansas,NCAA,D1,NCAA D1,d1-southeastern-conference,D1 Southeastern Conference,Southeastern Conference,,https://static.trumedianetworks.com/images/ncaabaseball/teams/3375.png?v=2,False,False,D1TeamBio.csv
5466,Auburn,Auburn University,Tigers,AUB,Auburn,NCAA,D1,NCAA D1,d1-southeastern-conference,D1 Southeastern Conference,Southeastern Conference,,https://static.trumedianetworks.com/images/ncaabaseball/teams/5466.png?v=2,False,False,D1TeamBio.csv
730168320,Florida,University of Florida,Gators,FLA,Florida,NCAA,D1,NCAA D1,d1-southeastern-conference,D1 Southeastern Conference,Southeastern Conference,,https://static.trumedianetworks.com/images/ncaabaseball/teams/730168320.png?v=2,False,False,D1TeamBio.csv
226,Georgia,University of Georgia,Bulldogs,UGA,Georgia,NCAA,D1,NCAA D1,d1-southeastern-conference,D1 Southeastern Conference,Southeastern Conference,,https://static.trumedianetworks.com/images/ncaabaseball/teams/226.png?v=2,False,False,D1TeamBio.csv
5362,Kentucky,University of Kentucky,Wildcats,UK,Kentucky,NCAA,D1,NCAA D1,d1-southeastern-conference,D1 Southeastern Conference,Southeastern Conference,,https://static.trumedianetworks.com/images/ncaabaseball/teams/5362.png?v=2,False,False,D1TeamBio.csv
5323,Louisiana State,Louisiana State University,Tigers,LSU,Louisiana State,NCAA,D1,NCAA D1,d1-southeastern-conference,D1 Southeastern Conference,Southeastern Conference,,https://static.trumedianetworks.com/images/ncaabaseball/teams/5323.png?v=2,False,False,D1TeamBio.csv
5080,Mississippi State,Mississippi State University,Bulldogs,MSST,Mississippi State,NCAA,D1,NCAA D1,d1-southeastern-conference,D1 Southeastern Conference,Southeastern Conference,,https://static.trumedianetworks.com/images/ncaabaseball/teams/5080.png?v=2,False,False,D1TeamBio.csv
4806,Missouri,University of Missouri,Tigers,MIZZ,Missouri,NCAA,D1,NCAA D1,d1-southeastern-conference,D1 Southeastern Conference,Southeastern Conference,,https://static.trumedianetworks.com/images/ncaabaseball/teams/4806.png?v=2,False,False,D1TeamBio.csv
730294528,Oklahoma,University of Oklahoma,Sooners,OKLA,Oklahoma,NCAA,D1,NCAA D1,d1-southeastern-conference,D1 Southeastern Conference,Southeastern Conference,,https://static.trumedianetworks.com/images/ncaabaseball/teams/730294528.png?v=2,False,True,D1TeamBio.csv
5322,Ole Miss,University of Mississippi,Rebels,MISS,Ole Miss,NCAA,D1,NCAA D1,d1-southeastern-conference,D1 Southeastern Conference,Southeastern Conference,,https://static.trumedianetworks.com/images/ncaabaseball/teams/5322.png?v=2,False,True,D1TeamBio.csv
730348544,South Carolina,University of South Carolina,Gamecocks,SCAR,South Carolina,NCAA,D1,NCAA D1,d1-southeastern-conference,D1 Southeastern Conference,Southeastern Conference,,https://static.trumedianetworks.com/images/ncaabaseball/teams/730348544.png?v=2,False,False,D1TeamBio.csv
730153728,Tennessee,University of Tennessee,Volunteers,TENN,Tennessee,NCAA,D1,NCAA D1,d1-southeastern-conference,D1 Southeastern Conference,Southeastern Conference,,https://static.trumedianetworks.com/images/ncaabaseball/teams/730153728.png?v=2,False,True,D1TeamBio.csv
245,Texas,University of Texas,Longhorns,TEX,Texas,NCAA,D1,NCAA D1,d1-southeastern-conference,D1 Southeastern Conference,Southeastern Conference,,https://static.trumedianetworks.com/images/ncaabaseball/teams/245.png?v=2,False,False,D1TeamBio.csv
3032,Texas A&M,Texas A&M University,Aggies,TXAM,Texas A&M,NCAA,D1,NCAA D1,d1-southeastern-conference,D1 Southeastern Conference,Southeastern Conference,,https://static.trumedianetworks.com/images/ncaabaseball/teams/3032.png?v=2,False,False,D1TeamBio.csv
5046,Vanderbilt,Vanderbilt University,Commodores,VAN,Vanderbilt,NCAA,D1,NCAA D1,d1-southeastern-conference,D1 Southeastern Conference,Southeastern Conference,,https://static.trumedianetworks.com/images/ncaabaseball/teams/5046.png?v=2,False,False,D1TeamBio.csv
4844,East Tennessee State,East Tennessee State University,Buccaneers,ETSU,East Tennessee State,NCAA,D1,NCAA D1,d1-southern-conference,D1 Southern Conference,Southern Conference,,https://static.trumedianetworks.com/images/ncaabaseball/teams/4844.png?v=2,False,False,D1TeamBio.csv
730240512,Mercer,Mercer University,Bears,MER,Mercer,NCAA,D1,NCAA D1,d1-southern-conference,D1 Southern Conference,Southern Conference,,https://static.trumedianetworks.com/images/ncaabaseball/teams/730240512.png?v=2,False,False,D1TeamBio.csv
730386432,Samford,Samford University,Bulldogs,SAM,Samford,NCAA,D1,NCAA D1,d1-southern-conference,D1 Southern Conference,Southern Conference,,https://static.trumedianetworks.com/images/ncaabaseball/teams/730386432.png?v=2,False,False,D1TeamBio.csv
730366720,The Citadel,The Citadel,Bulldogs,CIT,The Citadel,NCAA,D1,NCAA D1,d1-southern-conference,D1 Southern Conference,Southern Conference,,https://static.trumedianetworks.com/images/ncaabaseball/teams/730366720.png?v=2,False,False,D1TeamBio.csv
730238720,UNC Greensboro,UNC Greensboro,Spartans,UNCG,UNC Greensboro,NCAA,D1,NCAA D1,d1-southern-conference,D1 Southern Conference,Southern Conference,,https://static.trumedianetworks.com/images/ncaabaseball/teams/730238720.png?v=2,False,False,D1TeamBio.csv
730173440,VMI,Virginia Military Institute,Keydets,VMI,VMI,NCAA,D1,NCAA D1,d1-southern-conference,D1 Southern Conference,Southern Conference,,https://static.trumedianetworks.com/images/ncaabaseball/teams/730173440.png?v=2,False,False,D1TeamBio.csv
730278144,Western Carolina,Western Carolina University,Catamounts,WCU,Western Carolina,NCAA,D1,NCAA D1,d1-southern-conference,D1 Southern Conference,Southern Conference,,https://static.trumedianetworks.com/images/ncaabaseball/teams/730278144.png?v=2,False,True,D1TeamBio.csv
730176512,Wofford,Wofford College,Terriers,WOF,Wofford,NCAA,D1,NCAA D1,d1-southern-conference,D1 Southern Conference,Southern Conference,,https://static.trumedianetworks.com/images/ncaabaseball/teams/730176512.png?v=2,False,False,D1TeamBio.csv
730157824,Houston Christian,Houston Christian University,Huskies,HCU,Houston Christian,NCAA,D1,NCAA D1,d1-southland-conference,D1 Southland Conference,Southland Conference,,https://static.trumedianetworks.com/images/ncaabaseball/teams/730157824.png?v=2,False,False,D1TeamBio.csv
730225152,Incarnate Word,University of the Incarnate Word,Cardinals,IW,Incarnate Word,NCAA,D1,NCAA D1,d1-southland-conference,D1 Southland Conference,Southland Conference,,https://static.trumedianetworks.com/images/ncaabaseball/teams/730225152.png?v=2,False,False,D1TeamBio.csv
730162432,Lamar,Lamar University,Cardinals,LAM,Lamar,NCAA,D1,NCAA D1,d1-southland-conference,D1 Southland Conference,Southland Conference,,https://static.trumedianetworks.com/images/ncaabaseball/teams/730162432.png?v=2,False,False,D1TeamBio.csv
730285056,McNeese State,McNeese State University,Cowboys,MCNS,McNeese State,NCAA,D1,NCAA D1,d1-southland-conference,D1 Southland Conference,Southland Conference,,https://static.trumedianetworks.com/images/ncaabaseball/teams/730285056.png?v=2,False,False,D1TeamBio.csv
5380,New Orleans,University of New Orleans,Privateers,UNO,New Orleans,NCAA,D1,NCAA D1,d1-southland-conference,D1 Southland Conference,Southland Conference,,https://static.trumedianetworks.com/images/ncaabaseball/teams/5380.png?v=2,False,False,D1TeamBio.csv
730284032,Nicholls State,Nicholls State University,Colonels,NICH,Nicholls State,NCAA,D1,NCAA D1,d1-southland-conference,D1 Southland Conference,Southland Conference,,https://static.trumedianetworks.com/images/ncaabaseball/teams/730284032.png?v=2,False,True,D1TeamBio.csv
730255872,Northwestern State,Northwestern State University,Demons,NWST,Northwestern State,NCAA,D1,NCAA D1,d1-southland-conference,D1 Southland Conference,Southland Conference,,https://static.trumedianetworks.com/images/ncaabaseball/teams/730255872.png?v=2,False,False,D1TeamBio.csv
730209280,Southeastern Louisiana,Southeastern Louisiana University,Lions,SELA,Southeastern Louisiana,NCAA,D1,NCAA D1,d1-southland-conference,D1 Southland Conference,Southland Conference,,https://static.trumedianetworks.com/images/ncaabaseball/teams/730209280.png?v=2,False,False,D1TeamBio.csv
730227200,Stephen F. Austin State,Stephen F. Austin State University,Lumberjacks,SFA,Stephen F. Austin State,NCAA,D1,NCAA D1,d1-southland-conference,D1 Southland Conference,Southland Conference,,https://static.trumedianetworks.com/images/ncaabaseball/teams/730227200.png?v=2,False,False,D1TeamBio.csv
4764,Texas A&M-Corpus Christi,Texas A&M-Corpus Christi,Islanders,AMCC,Texas A&M-Corpus Christi,NCAA,D1,NCAA D1,d1-southland-conference,D1 Southland Conference,Southland Conference,,https://static.trumedianetworks.com/images/ncaabaseball/teams/4764.png?v=2,False,False,D1TeamBio.csv
730192128,UT Rio Grande Valley,University of Texas Rio Grande Valley,Vaqueros,UTRGV,UT Rio Grande Valley,NCAA,D1,NCAA D1,d1-southland-conference,D1 Southland Conference,Southland Conference,,https://static.trumedianetworks.com/images/ncaabaseball/teams/730192128.png?v=2,False,False,D1TeamBio.csv
730365440,Alabama A&M,Alabama A&M University,Bulldogs,AAMU,Alabama A&M,NCAA,D1,NCAA D1,d1-southwestern-athletic-conf,D1 Southwestern Athletic Conf.,Southwestern Athletic Conf.,,https://static.trumedianetworks.com/images/ncaabaseball/teams/730365440.png?v=2,False,False,D1TeamBio.csv
4765,Alabama State,Alabama State University,Hornets,ALST,Alabama State,NCAA,D1,NCAA D1,d1-southwestern-athletic-conf,D1 Southwestern Athletic Conf.,Southwestern Athletic Conf.,,https://static.trumedianetworks.com/images/ncaabaseball/teams/4765.png?v=2,False,False,D1TeamBio.csv
5376,Alcorn State,Alcorn State University,Braves,ALCN,Alcorn State,NCAA,D1,NCAA D1,d1-southwestern-athletic-conf,D1 Southwestern Athletic Conf.,Southwestern Athletic Conf.,,https://static.trumedianetworks.com/images/ncaabaseball/teams/5376.png?v=2,False,False,D1TeamBio.csv
5377,Arkansas-Pine Bluff,University of Arkansas-Pine Bluff,Golden Lions,ARPB,Arkansas-Pine Bluff,NCAA,D1,NCAA D1,d1-southwestern-athletic-conf,D1 Southwestern Athletic Conf.,Southwestern Athletic Conf.,,https://static.trumedianetworks.com/images/ncaabaseball/teams/5377.png?v=2,False,False,D1TeamBio.csv
730152960,Bethune-Cookman,Bethune-Cookman University,Wildcats,COOK,Bethune-Cookman,NCAA,D1,NCAA D1,d1-southwestern-athletic-conf,D1 Southwestern Athletic Conf.,Southwestern Athletic Conf.,,https://static.trumedianetworks.com/images/ncaabaseball/teams/730152960.png?v=2,False,False,D1TeamBio.csv
5416,Florida A&M,Florida A&M University,Rattlers,FAMU,Florida A&M,NCAA,D1,NCAA D1,d1-southwestern-athletic-conf,D1 Southwestern Athletic Conf.,Southwestern Athletic Conf.,,https://static.trumedianetworks.com/images/ncaabaseball/teams/5416.png?v=2,False,False,D1TeamBio.csv
5378,Grambling State,Grambling State University,Tigers,GRAM,Grambling State,NCAA,D1,NCAA D1,d1-southwestern-athletic-conf,D1 Southwestern Athletic Conf.,Southwestern Athletic Conf.,,https://static.trumedianetworks.com/images/ncaabaseball/teams/5378.png?v=2,False,False,D1TeamBio.csv
730378240,Jackson State,Jackson State University,Tigers,JKST,Jackson State,NCAA,D1,NCAA D1,d1-southwestern-athletic-conf,D1 Southwestern Athletic Conf.,Southwestern Athletic Conf.,,https://static.trumedianetworks.com/images/ncaabaseball/teams/730378240.png?v=2,False,False,D1TeamBio.csv
730259200,Mississippi Valley State,Mississippi Valley State University,Delta Devils,MVSU,Mississippi Valley State,NCAA,D1,NCAA D1,d1-southwestern-athletic-conf,D1 Southwestern Athletic Conf.,Southwestern Athletic Conf.,,https://static.trumedianetworks.com/images/ncaabaseball/teams/730259200.png?v=2,False,False,D1TeamBio.csv
4766,Prairie View A&M,Prairie View A&M University,Panthers,PV,Prairie View A&M,NCAA,D1,NCAA D1,d1-southwestern-athletic-conf,D1 Southwestern Athletic Conf.,Southwestern Athletic Conf.,,https://static.trumedianetworks.com/images/ncaabaseball/teams/4766.png?v=2,False,False,D1TeamBio.csv
4767,Southern,Southern University,Jaguars,SOU,Southern,NCAA,D1,NCAA D1,d1-southwestern-athletic-conf,D1 Southwestern Athletic Conf.,Southwestern Athletic Conf.,,https://static.trumedianetworks.com/images/ncaabaseball/teams/4767.png?v=2,False,False,D1TeamBio.csv
4768,Texas Southern,Texas Southern University,Tigers,TXSO,Texas Southern,NCAA,D1,NCAA D1,d1-southwestern-athletic-conf,D1 Southwestern Athletic Conf.,Southwestern Athletic Conf.,,https://static.trumedianetworks.com/images/ncaabaseball/teams/4768.png?v=2,False,False,D1TeamBio.csv
730240256,Appalachian State,Appalachian State University,Mountaineers,APP,Appalachian State,NCAA,D1,NCAA D1,d1-sun-belt-conference,D1 Sun Belt Conference,Sun Belt Conference,,https://static.trumedianetworks.com/images/ncaabaseball/teams/730240256.png?v=2,False,False,D1TeamBio.csv
730290176,Arkansas State,Arkansas State University,Red Wolves,ARST,Arkansas State,NCAA,D1,NCAA D1,d1-sun-belt-conference,D1 Sun Belt Conference,Sun Belt Conference,,https://static.trumedianetworks.com/images/ncaabaseball/teams/730290176.png?v=2,False,False,D1TeamBio.csv
4104,Coastal Carolina,Coastal Carolina University,Chanticleers,CCAR,Coastal Carolina,NCAA,D1,NCAA D1,d1-sun-belt-conference,D1 Sun Belt Conference,Sun Belt Conference,,https://static.trumedianetworks.com/images/ncaabaseball/teams/4104.png?v=2,False,False,D1TeamBio.csv
730331648,Georgia Southern,Georgia Southern University,Eagles,GASO,Georgia Southern,NCAA,D1,NCAA D1,d1-sun-belt-conference,D1 Sun Belt Conference,Sun Belt Conference,,https://static.trumedianetworks.com/images/ncaabaseball/teams/730331648.png?v=2,False,False,D1TeamBio.csv
730239744,Georgia State,Georgia State University,Panthers,GAST,Georgia State,NCAA,D1,NCAA D1,d1-sun-belt-conference,D1 Sun Belt Conference,Sun Belt Conference,,https://static.trumedianetworks.com/images/ncaabaseball/teams/730239744.png?v=2,False,True,D1TeamBio.csv
730340096,James Madison,James Madison University,Dukes,JMU,James Madison,NCAA,D1,NCAA D1,d1-sun-belt-conference,D1 Sun Belt Conference,Sun Belt Conference,,https://static.trumedianetworks.com/images/ncaabaseball/teams/730340096.png?v=2,False,False,D1TeamBio.csv
5075,Louisiana,University of Louisiana at Lafayette,Ragin' Cajuns,ULL,Louisiana,NCAA,D1,NCAA D1,d1-sun-belt-conference,D1 Sun Belt Conference,Sun Belt Conference,,https://static.trumedianetworks.com/images/ncaabaseball/teams/5075.png?v=2,False,False,D1TeamBio.csv
730333696,Marshall,Marshall University,Thundering Herd,MRSH,Marshall,NCAA,D1,NCAA D1,d1-sun-belt-conference,D1 Sun Belt Conference,Sun Belt Conference,,https://static.trumedianetworks.com/images/ncaabaseball/teams/730333696.png?v=2,False,False,D1TeamBio.csv
3090,Old Dominion,Old Dominion University,Monarchs,ODU,Old Dominion,NCAA,D1,NCAA D1,d1-sun-belt-conference,D1 Sun Belt Conference,Sun Belt Conference,,https://static.trumedianetworks.com/images/ncaabaseball/teams/3090.png?v=2,False,True,D1TeamBio.csv
730298880,South Alabama,University of South Alabama,Jaguars,USA,South Alabama,NCAA,D1,NCAA D1,d1-sun-belt-conference,D1 Sun Belt Conference,Sun Belt Conference,,https://static.trumedianetworks.com/images/ncaabaseball/teams/730298880.png?v=2,False,False,D1TeamBio.csv
730246656,Southern Miss,The University of Southern Mississippi,Golden Eagles,USM,Southern Miss,NCAA,D1,NCAA D1,d1-sun-belt-conference,D1 Sun Belt Conference,Sun Belt Conference,,https://static.trumedianetworks.com/images/ncaabaseball/teams/730246656.png?v=2,False,False,D1TeamBio.csv
5420,Texas State,Texas State University,Bobcats,TXST,Texas State,NCAA,D1,NCAA D1,d1-sun-belt-conference,D1 Sun Belt Conference,Sun Belt Conference,,https://static.trumedianetworks.com/images/ncaabaseball/teams/5420.png?v=2,False,False,D1TeamBio.csv
730378496,Troy,Troy University,Trojans,TROY,Troy,NCAA,D1,NCAA D1,d1-sun-belt-conference,D1 Sun Belt Conference,Sun Belt Conference,,https://static.trumedianetworks.com/images/ncaabaseball/teams/730378496.png?v=2,False,False,D1TeamBio.csv
730362880,UL Monroe,University of Louisiana at Monroe,Warhawks,ULM,UL Monroe,NCAA,D1,NCAA D1,d1-sun-belt-conference,D1 Sun Belt Conference,Sun Belt Conference,,https://static.trumedianetworks.com/images/ncaabaseball/teams/730362880.png?v=2,False,False,D1TeamBio.csv
730343168,North Dakota State,North Dakota State University,Bison,NDSU,North Dakota State,NCAA,D1,NCAA D1,d1-the-summit-league,D1 The Summit League,The Summit League,,https://static.trumedianetworks.com/images/ncaabaseball/teams/730343168.png?v=2,False,False,D1TeamBio.csv
730286592,Northern Colorado,University of Northern Colorado,Bears,UNCO,Northern Colorado,NCAA,D1,NCAA D1,d1-the-summit-league,D1 The Summit League,The Summit League,,https://static.trumedianetworks.com/images/ncaabaseball/teams/730286592.png?v=2,False,False,D1TeamBio.csv
730235648,Omaha,University of Nebraska-Omaha,Mavericks,NEOM,Omaha,NCAA,D1,NCAA D1,d1-the-summit-league,D1 The Summit League,The Summit League,,https://static.trumedianetworks.com/images/ncaabaseball/teams/730235648.png?v=2,False,False,D1TeamBio.csv
730180096,Oral Roberts,Oral Roberts University,Golden Eagles,ORU,Oral Roberts,NCAA,D1,NCAA D1,d1-the-summit-league,D1 The Summit League,The Summit League,,https://static.trumedianetworks.com/images/ncaabaseball/teams/730180096.png?v=2,False,False,D1TeamBio.csv
730323200,South Dakota State,South Dakota State University,Jackrabbits,SDST,South Dakota State,NCAA,D1,NCAA D1,d1-the-summit-league,D1 The Summit League,The Summit League,,https://static.trumedianetworks.com/images/ncaabaseball/teams/730323200.png?v=2,False,False,D1TeamBio.csv
730200320,University of St. Thomas (Minn.),University of St. Thomas (Minn.),Tommies,UOST,University of St. Thomas (Minn.),NCAA,D1,NCAA D1,d1-the-summit-league,D1 The Summit League,The Summit League,,https://static.trumedianetworks.com/images/ncaabaseball/teams/730200320.png?v=2,False,False,D1TeamBio.csv
730200832,Gonzaga,Gonzaga University,Bulldogs,GONZ,Gonzaga,NCAA,D1,NCAA D1,d1-west-coast-conference,D1 West Coast Conference,West Coast Conference,,https://static.trumedianetworks.com/images/ncaabaseball/teams/730200832.png?v=2,False,False,D1TeamBio.csv
730149120,Loyola Marymount,Loyola Marymount University,Lions,LMU,Loyola Marymount,NCAA,D1,NCAA D1,d1-west-coast-conference,D1 West Coast Conference,West Coast Conference,,https://static.trumedianetworks.com/images/ncaabaseball/teams/730149120.png?v=2,False,True,D1TeamBio.csv
730386944,Pacific,University of the Pacific,Tigers,PAC,Pacific,NCAA,D1,NCAA D1,d1-west-coast-conference,D1 West Coast Conference,West Coast Conference,,https://static.trumedianetworks.com/images/ncaabaseball/teams/730386944.png?v=2,False,False,D1TeamBio.csv
730338304,Pepperdine,Pepperdine University,Waves,PEPP,Pepperdine,NCAA,D1,NCAA D1,d1-west-coast-conference,D1 West Coast Conference,West Coast Conference,,https://static.trumedianetworks.com/images/ncaabaseball/teams/730338304.png?v=2,False,False,D1TeamBio.csv
730360320,Portland,University of Portland,Pilots,PORT,Portland,NCAA,D1,NCAA D1,d1-west-coast-conference,D1 West Coast Conference,West Coast Conference,,https://static.trumedianetworks.com/images/ncaabaseball/teams/730360320.png?v=2,False,True,D1TeamBio.csv
730288896,Saint Mary's,Saint Mary's College (CA),Gaels,SMC,Saint Mary's,NCAA,D1,NCAA D1,d1-west-coast-conference,D1 West Coast Conference,West Coast Conference,,https://static.trumedianetworks.com/images/ncaabaseball/teams/730288896.png?v=2,False,True,D1TeamBio.csv
5320,San Diego,University of San Diego,Toreros,USD,San Diego,NCAA,D1,NCAA D1,d1-west-coast-conference,D1 West Coast Conference,West Coast Conference,,https://static.trumedianetworks.com/images/ncaabaseball/teams/5320.png?v=2,False,False,D1TeamBio.csv
730365696,San Francisco,University of San Francisco,Dons,SF,San Francisco,NCAA,D1,NCAA D1,d1-west-coast-conference,D1 West Coast Conference,West Coast Conference,,https://static.trumedianetworks.com/images/ncaabaseball/teams/730365696.png?v=2,False,False,D1TeamBio.csv
730297600,Santa Clara,Santa Clara University,Broncos,SCU,Santa Clara,NCAA,D1,NCAA D1,d1-west-coast-conference,D1 West Coast Conference,West Coast Conference,,https://static.trumedianetworks.com/images/ncaabaseball/teams/730297600.png?v=2,False,True,D1TeamBio.csv
4504,Seattle,Seattle University,Redhawks,SEA,Seattle,NCAA,D1,NCAA D1,d1-west-coast-conference,D1 West Coast Conference,West Coast Conference,,https://static.trumedianetworks.com/images/ncaabaseball/teams/4504.png?v=2,False,False,D1TeamBio.csv
730375936,Abilene Christian,Abilene Christian University,Wildcats,AC,Abilene Christian,NCAA,D1,NCAA D1,d1-western-athletic-conference,D1 Western Athletic Conference,Western Athletic Conference,,https://static.trumedianetworks.com/images/ncaabaseball/teams/730375936.png?v=2,False,True,D1TeamBio.csv
5091,California Baptist,California Baptist University,Lancers,CBU,California Baptist,NCAA,D1,NCAA D1,d1-western-athletic-conference,D1 Western Athletic Conference,Western Athletic Conference,,https://static.trumedianetworks.com/images/ncaabaseball/teams/5091.png?v=2,False,False,D1TeamBio.csv
730293760,Sacramento State,Sacramento State University,Hornets,SAC,Sacramento State,NCAA,D1,NCAA D1,d1-western-athletic-conference,D1 Western Athletic Conference,Western Athletic Conference,,https://static.trumedianetworks.com/images/ncaabaseball/teams/730293760.png?v=2,False,True,D1TeamBio.csv
730236416,Tarleton State,Tarleton State University,,TAR,Tarleton State,NCAA,D1,NCAA D1,d1-western-athletic-conference,D1 Western Athletic Conference,Western Athletic Conference,,https://static.trumedianetworks.com/images/ncaabaseball/teams/730236416.png?v=2,False,False,D1TeamBio.csv
5324,UT Arlington,University of Texas-Arlington,Mavericks,UTA,UT Arlington,NCAA,D1,NCAA D1,d1-western-athletic-conference,D1 Western Athletic Conference,Western Athletic Conference,,https://static.trumedianetworks.com/images/ncaabaseball/teams/5324.png?v=2,False,False,D1TeamBio.csv
730318592,Utah Tech,Utah Tech University,Trailblazers,UTU,Utah Tech,NCAA,D1,NCAA D1,d1-western-athletic-conference,D1 Western Athletic Conference,Western Athletic Conference,,https://static.trumedianetworks.com/images/ncaabaseball/teams/730318592.png?v=2,False,False,D1TeamBio.csv
730263552,Utah Valley,Utah Valley University,Wolverines,UVU,Utah Valley,NCAA,D1,NCAA D1,d1-western-athletic-conference,D1 Western Athletic Conference,Western Athletic Conference,,https://static.trumedianetworks.com/images/ncaabaseball/teams/730263552.png?v=2,False,False,D1TeamBio.csv
