Rank,teamId,teamName,team,teamFullName,location,teamAbbrevName,teamLevel,synergyTeamId,newestTeamId,newestTeamLevel,newestTeamName,newestTeamAbbrevName,newestTeamLocation,Conf
1,802105856,Harris-Stowe State,Harris-Stowe State,Harris-Stowe State University,Harris-Stowe State,HSU,BBC,,802105856,BBC,Harris-Stowe State,HSU,Harris-Stowe State,NAIA American Midwest
1,577496064,Tougaloo,Tougaloo,Tougaloo College,Tougaloo,TC,BBC,,577496064,BBC,Tougaloo,TC,Tougaloo,NAIA HBCU Athletic Conference [formerly Gulf Coast]
1,739162368,Xavier (LA),Xavier (LA),Xavier (LA),Xavier (LA),XVLA,BBC,,739162368,BBC,Xavier (LA),XVLA,Xavier (LA),NAIA Red River
1,668923648,Bushnell,Bushnell,Bushnell,Bushnell,BSHNL,BBC,,668923648,BBC,Bushnell,BSHNL,Bushnell,NAIA Cascade Collegiate
1,577501184,Shawnee State,Shawnee State,Shawnee State University,Shawnee State,SSU,BBC,,577501184,BBC,Shawnee State,SSU,Shawnee State,NAIA River States
1,730245632,Stillman,Stillman,Stillman College,Stillman,SC,BBC,,730245632,BBC,Stillman,SC,Stillman,NAIA HBCU Athletic Conference [formerly Gulf Coast]
1,690392320,University of the Cumberlands,University of the Cumberlands,University of the Cumberlands,University of the Cumberlands,UC,BBC,,690392320,BBC,University of the Cumberlands,UC,University of the Cumberlands,NAIA Mid-South
1,552833792,Dakota Wesleyan,Dakota Wesleyan,Dakota Wesleyan University,Dakota Wesleyan,DWU,BBC,,552833792,BBC,Dakota Wesleyan,DWU,Dakota Wesleyan,NAIA Great Plains
1,730360832,Oakland City,Oakland City,Oakland City University,Oakland City,OCU,BBC,,730360832,BBC,Oakland City,OCU,Oakland City,NAIA River States
1,658784733,Bearcats,Rust College,Rust College,Rust College,RUST,BBC,,658784733,BBC,Bearcats,RUST,Rust College,NAIA HBCU Athletic Conference [formerly Gulf Coast]
1,624112642,Panthers,Philander Smith College,Philander Smith College,Philander Smith College,PSC,BBC,,624112642,BBC,Panthers,PSC,Philander Smith College,NAIA HBCU Athletic Conference [formerly Gulf Coast]
1,634226864,Knights,Southern New Orleans (SUNO),Southern New Orleans (SUNO),Southern New Orleans (SUNO),SNOS,BBC,,634226864,BBC,Knights,SNOS,Southern New Orleans (SUNO),NAIA HBCU Athletic Conference [formerly Gulf Coast]
1,540962608,Bruins,Carolina,Carolina,Carolina,CARO,BBC,,540962608,BBC,Bruins,CARO,Carolina,NAIA Continental Athletic Conference
1,558302947,Ambassadors,Oakwood,Oakwood,Oakwood,OAKW,BBC,,558302947,BBC,Ambassadors,OAKW,Oakwood,NAIA HBCU Athletic Conference [formerly Gulf Coast]
1,611554601,Warriors,Westcliff,Westcliff,Westcliff,WEST,BBC,,611554601,BBC,Warriors,WEST,Westcliff,
1,690382531,Red Hawks,Simpson (CA),Simpson (CA),Simpson (CA),SCA,BBC,,690382531,BBC,Red Hawks,SCA,Simpson (CA),
1,765072494,Stallions,Abraham Baldwin Agricultural College,Abraham Baldwin Agricultural College,Abraham Baldwin Agricultural College,ABAC,BBC,,765072494,BBC,Stallions,ABAC,Abraham Baldwin Agricultural College,NAIA Southern States
1,767929541,Night Hawks,Thomas (GA),Thomas (GA),Thomas (GA),TGA,BBC,,767929541,BBC,Night Hawks,TGA,Thomas (GA),NAIA Southern States
1,518545061,Royals,Johnson,Johnson University,Johnson,JOHN,BBC,,518545061,BBC,Royals,JOHN,Johnson,NAIA Appalachian
1,575651042,Rams,Bluefield,Bluefield,Bluefield,BLUE,BBC,,575651042,BBC,Rams,BLUE,Bluefield,NAIA Appalachian
1,565537975,Bearcats,Brescia,Brescia,Brescia,BRES,BBC,,565537975,BBC,Bearcats,BRES,Brescia,NAIA River States
1,684200035,Mountaineers,Eastern Oregon,Eastern Oregon,Eastern Oregon,EAST,BBC,,684200035,BBC,Mountaineers,EAST,Eastern Oregon,NAIA Cascade Collegiate
1,587891372,Tigers,Doane,Doane,Doane,DOAN,BBC,,587891372,BBC,Tigers,DOAN,Doane,NAIA Great Plains
1,740133606,Rams,Mobile,Mobile,Mobile,MOBI,BBC,,740133606,BBC,Rams,MOBI,Mobile,NAIA Southern States
1,633083793,Lions,Florida Memorial,Florida Memorial,Florida Memorial,FLOR,BBC,,633083793,BBC,Lions,FLOR,Florida Memorial,NAIA The Sun
1,663069873,Royals,Warner,Warner,Warner,WARN,BBC,,663069873,BBC,Royals,WARN,Warner,NAIA The Sun
1,543818965,Conquistadors,Florida National,Florida National,Florida National,FLOR,BBC,,543818965,BBC,Conquistadors,FLOR,Florida National,NAIA Continental Athletic Conference
1,682150371,Firehawks,Tennessee Southern,Tennessee Southern,Tennessee Southern,TENN,BBC,,682150371,BBC,Firehawks,TENN,Tennessee Southern,NAIA Southern States
1,775880442,Barons,Brewton Parker,Brewton Parker,Brewton Parker,BREW,BBC,,775880442,BBC,Barons,BREW,Brewton Parker,NAIA Southern States
1,707098919,Vikings,Missouri Valley,Missouri Valley,Missouri Valley,MISS,BBC,,707098919,BBC,Vikings,MISS,Missouri Valley,NAIA Heart of America
1,630445312,Univ of Science and Arts of Oklahoma,Univ of Science and Arts of Oklahoma,Univ of Science and Arts of Oklahoma,Univ of Science and Arts of Oklahoma,SAO,BBC,,630445312,BBC,Univ of Science and Arts of Oklahoma,SAO,Univ of Science and Arts of Oklahoma,NAIA Sooner
1,501938233,Golden Eagles,La Sierra,La Sierra University,La Sierra,LA S,BBC,,501938233,BBC,Golden Eagles,LA S,La Sierra,NAIA Great Southwest Athletic Conference
1,719642769,Bulldogs,Wilberforce,Wilberforce,Wilberforce,WILB,BBC,,719642769,BBC,Bulldogs,WILB,Wilberforce,NAIA HBCU Athletic Conference [formerly Gulf Coast]
1,532782547,Stars,Oklahoma City,Oklahoma City,Oklahoma City,OKLA,BBC,,532782547,BBC,Stars,OKLA,Oklahoma City,NAIA Sooner
1,588068226,Trolls,Trinity Christian,Trinity Christian,Trinity Christian,TRIN,BBC,,588068226,BBC,Trolls,TRIN,Trinity Christian,NAIA Chicagoland
1,516112787,Spires,St. Mary,St. Mary,St. Mary,ST.,BBC,,516112787,BBC,Spires,ST.,St. Mary,NAIA Kansas Collegiate
1,642665293,Mustangs,University Of The Southwest,University Of The Southwest,University Of The Southwest,UOTS,BBC,,642665293,BBC,Mustangs,UOTS,University Of The Southwest,NAIA Red River
1,609053696,University of Saint Francis (IL),University of Saint Francis (IL),University of Saint Francis (IL),University of Saint Francis (IL),USF,BBC,,609053696,BBC,University of Saint Francis (IL),USF,University of Saint Francis (IL),NAIA Chicagoland
1,745932544,Viterbo,Viterbo,Viterbo University,Viterbo,VU,BBC,,745932544,BBC,Viterbo,VU,Viterbo,NAIA Chicagoland
1,684541648,Tigers,Voorhees,Voorhees,Voorhees,VOOR,BBC,,684541648,BBC,Tigers,VOOR,Voorhees,NAIA HBCU Athletic Conference [formerly Gulf Coast]
1,675168000,Wayland Baptist,Wayland Baptist,Wayland Baptist,Wayland Baptist,WB,BBC,,675168000,BBC,Wayland Baptist,WB,Wayland Baptist,NAIA Sooner
1,654294919,Golden Bears,West Virginia Tech,West Virginia Tech,West Virginia Tech,WVT,BBC,,654294919,BBC,Golden Bears,WVT,West Virginia Tech,NAIA River States
1,504231894,Wolfpack,Loyola (LA),Loyola (LA),Loyola (LA),LLA,BBC,,504231894,BBC,Wolfpack,LLA,Loyola (LA),NAIA Southern States
1,761151232,William Carey,William Carey,William Carey University,William Carey,WCU,BBC,,761151232,BBC,William Carey,WCU,William Carey,NAIA Southern States
1,596986707,Hornets,Morris,Morris,Morris,MORR,BBC,,596986707,BBC,Hornets,MORR,Morris,NAIA Continental Athletic Conference
1,650025216,Hope International,Hope International,Hope International,Hope International,HPINT,BBC,,650025216,BBC,Hope International,HPINT,Hope International,NAIA Great Southwest Athletic Conference
1,730264576,Oklahoma Panhandle State Univ.,Oklahoma Panhandle State Univ.,Oklahoma Panhandle State Univ.,Oklahoma Panhandle State Univ.,OPSU,BBC,,730264576,BBC,Oklahoma Panhandle State Univ.,OPSU,Oklahoma Panhandle State Univ.,NAIA Sooner
1,768698204,Eutectics,Health Sciences and Pharmacy,Health Sciences and Pharmacy,Health Sciences and Pharmacy,HSP,BBC,,768698204,BBC,Eutectics,HSP,Health Sciences and Pharmacy,NAIA American Midwest
1,548347950,Trailblazers,Ohio Christian,Ohio Christian,Ohio Christian,OHIO,BBC,,548347950,BBC,Trailblazers,OHIO,Ohio Christian,NAIA Continental Athletic Conference
1,620425977,Trojans,Hannibal LaGrange,Hannibal LaGrange,Hannibal LaGrange,HLG,BBC,,620425977,BBC,Trojans,HLG,Hannibal LaGrange,NAIA American Midwest
1,760133397,Mystics,Bismarck State College,Bismarck State College,Bismarck State College,BSC,BBC,,760133397,BBC,Mystics,BSC,Bismarck State College,NAIA Frontier
1,744323072,Williams Baptist,Williams Baptist,Williams Baptist University,Williams Baptist,WBU,BBC,,744323072,BBC,Williams Baptist,WBU,Williams Baptist,NAIA American Midwest
1,508973127,Jaguars,Texas A&M Victoria,Texas A&M Victoria,Texas A&M Victoria,TAMV,BBC,,508973127,BBC,Jaguars,TAMV,Texas A&M Victoria,NAIA Red River
1,805127168,Mount Mercy,Mount Mercy,Mount Mercy,Mount Mercy,MM,BBC,,805127168,BBC,Mount Mercy,MM,Mount Mercy,NAIA Heart of America
1,761151744,Lewis-Clark State,Lewis-Clark State,Lewis-Clark State College,Lewis-Clark State,LCSC,BBC,,761151744,BBC,Lewis-Clark State,LCSC,Lewis-Clark State,NAIA Cascade Collegiate
1,763963017,Cougars,Columbia College (MO),Columbia College (MO),Columbia College (MO),CCMO,BBC,,763963017,BBC,Cougars,CCMO,Columbia College (MO),NAIA American Midwest
1,579986277,Saints,Aquinas,Aquinas,Aquinas,AQUI,BBC,,579986277,BBC,Saints,AQUI,Aquinas,NAIA Wolverine-Hoosier Athletic
1,624474624,College of Idaho,College of Idaho,College of Idaho,College of Idaho,COI,BBC,,624474624,BBC,College of Idaho,COI,College of Idaho,NAIA Cascade Collegiate
1,746323559,Broncos,Hastings (NE),Hastings (NE),Hastings (NE),HNE,BBC,,746323559,BBC,Broncos,HNE,Hastings (NE),NAIA Great Plains
1,766398017,Falcons,Fisher,Fisher,Fisher,FISH,BBC,,766398017,BBC,Falcons,FISH,Fisher,NAIA Continental Athletic Conference
1,775472576,Cavaliers,Montreat,Montreat,Montreat,MONT,BBC,,775472576,BBC,Cavaliers,MONT,Montreat,NAIA Appalachian
1,539862964,Cougars,Mount Vernon Nazarene,Mount Vernon Nazarene,Mount Vernon Nazarene,MVN,BBC,,539862964,BBC,Cougars,MVN,Mount Vernon Nazarene,NAIA Crossroads League
1,791983830,Knights,Warner Pacific,Warner Pacific,Warner Pacific,WARN,BBC,,791983830,BBC,Knights,WARN,Warner Pacific,NAIA Cascade Collegiate
1,728348517,Pioneers,Crowley's Ridge College,Crowley's Ridge College,Crowley's Ridge College,CRC,BBC,,728348517,BBC,Pioneers,CRC,Crowley's Ridge College,NAIA American Midwest
1,588589824,Arkansas Baptist,Arkansas Baptist,Arkansas Baptist,Arkansas Baptist,ARKBP,BBC,,588589824,BBC,Arkansas Baptist,ARKBP,Arkansas Baptist,NAIA Continental Athletic Conference
1,690389760,Saint Xavier,Saint Xavier,Saint Xavier University,Saint Xavier,SXU,BBC,,690389760,BBC,Saint Xavier,SXU,Saint Xavier,NAIA Chicagoland
1,630445568,Mayville State,Mayville State,Mayville State University,Mayville State,MSU,BBC,,630445568,BBC,Mayville State,MSU,Mayville State,NAIA Frontier
1,802106880,LSU of Alexandria,LSU of Alexandria,LSU of Alexandria,LSU of Alexandria,LSA,BBC,,802106880,BBC,LSU of Alexandria,LSA,LSU of Alexandria,NAIA Red River
1,774217728,Dillard,Dillard,Dillard,Dillard,DILL,BBC,,774217728,BBC,Dillard,DILL,Dillard,NAIA HBCU Athletic Conference [formerly Gulf Coast]
1,577492992,Wiley,Wiley,Wiley College,Wiley,WC,BBC,,577492992,BBC,Wiley,WC,Wiley,NAIA HBCU Athletic Conference [formerly Gulf Coast]
1,630446592,Briar Cliff,Briar Cliff,Briar Cliff University,Briar Cliff,BCU,BBC,,630446592,BBC,Briar Cliff,BCU,Briar Cliff,NAIA Great Plains
1,630441472,Madonna,Madonna,Madonna,Madonna,MAD,BBC,,630441472,BBC,Madonna,MAD,Madonna,NAIA Wolverine-Hoosier Athletic
1,568186624,Grand View Vikings,Grand View Vikings,Grand View Vikings,Grand View Vikings,GVV,BBC,,568186624,BBC,Grand View Vikings,GVV,Grand View Vikings,NAIA Heart of America
1,608977920,Benedictine Mesa (AZ),Benedictine Mesa (AZ),Benedictine Mesa (AZ),Benedictine Mesa (AZ),BM,BBC,,608977920,BBC,Benedictine Mesa (AZ),BM,Benedictine Mesa (AZ),NAIA Great Southwest Athletic Conference
1,552833024,University of British Columbia,University of British Columbia,University of British Columbia,University of British Columbia,UBC,BBC,,552833024,BBC,University of British Columbia,UBC,University of British Columbia,NAIA Cascade Collegiate
1,630446336,Northwestern,Northwestern,Northwestern College,Northwestern,NWC,BBC,,630446336,BBC,Northwestern,NWC,Northwestern,NAIA Great Plains
1,737267712,Cleary,Cleary,Cleary University,Cleary,CLE,BBC,,737267712,BBC,Cleary,CLE,Cleary,NAIA Wolverine-Hoosier Athletic
1,703078641,Wildcats,Louisiana Christian,Louisiana Christian,Louisiana Christian,LOUI,BBC,,703078641,BBC,Wildcats,LOUI,Louisiana Christian,NAIA Red River
1,606751256,Warriors,Rochester Christian,Rochester College,Rochester Christian,ROCH,BBC,,606751256,BBC,Warriors,ROCH,Rochester Christian,NAIA Wolverine-Hoosier Athletic
1,764545999,Maple Leafs,Goshen,Goshen,Goshen,GOSH,BBC,,764545999,BBC,Maple Leafs,GOSH,Goshen,NAIA Crossroads League
1,714554227,Eagles,Faulkner,Faulkner,Faulkner,FAUL,BBC,,714554227,BBC,Eagles,FAUL,Faulkner,NAIA Southern States
1,652589883,Bulldogs,Union Commonwealth,Union Commonwealth,Union Commonwealth,UNIO,BBC,,652589883,BBC,Bulldogs,UNIO,Union Commonwealth,NAIA Appalachian
1,631679286,Bulldogs,Jarvis Christian,Jarvis Christian,Jarvis Christian,JARV,BBC,,631679286,BBC,Bulldogs,JARV,Jarvis Christian,NAIA Red River
1,514982236,Rams,Huston Tillotson,Huston Tillotson,Huston Tillotson,HUST,BBC,,514982236,BBC,Rams,HUST,Huston Tillotson,NAIA HBCU Athletic Conference [formerly Gulf Coast]
1,677091047,Vikings,Valley City State,Valley City State,Valley City State,VCS,BBC,,677091047,BBC,Vikings,VCS,Valley City State,NAIA Frontier
1,504545035,Spirit,Ottawa (AZ),Ottawa (AZ),Ottawa (AZ),OAZ,BBC,,504545035,BBC,Spirit,OAZ,Ottawa (AZ),NAIA Great Southwest Athletic Conference
1,788326082,Rams,Texas Wesleyan,Texas Wesleyan,Texas Wesleyan,TEXA,BBC,,788326082,BBC,Rams,TEXA,Texas Wesleyan,NAIA Sooner
1,630440960,Siena Heights,Siena Heights,Siena Heights,Siena Heights,SH,BBC,,630440960,BBC,Siena Heights,SH,Siena Heights,NAIA Wolverine-Hoosier Athletic
1,690391552,Reinhardt,Reinhardt,Reinhardt University,Reinhardt,RU,BBC,,690391552,BBC,Reinhardt,RU,Reinhardt,NAIA Appalachian
1,630447104,Mount Marty,Mount Marty,Mount Marty College,Mount Marty,MMC,BBC,,630447104,BBC,Mount Marty,MMC,Mount Marty,NAIA Great Plains
1,727881441,Cougars,St. Francis (IN),St. Francis (IN),St. Francis (IN),SFIN,BBC,,727881441,BBC,Cougars,SFIN,St. Francis (IN),NAIA Crossroads League
1,975709672,Steers,Texas College,Texas College,Texas College,TEXA,BBC,,975709672,BBC,Steers,TEXA,Texas College,NAIA Red River
1,737261824,Cougars,Indiana Kokomo,Indiana Kokomo,Indiana Kokomo,INDI,BBC,,737261824,BBC,Cougars,INDI,Indiana Kokomo,NAIA River States
1,560586676,Golden Eagles,Cornerstone,Cornerstone,Cornerstone,CORN,BBC,,560586676,BBC,Golden Eagles,CORN,Cornerstone,NAIA Wolverine-Hoosier Athletic
1,538383968,Racers,Northwestern Ohio,Northwestern Ohio,Northwestern Ohio,NORT,BBC,,538383968,BBC,Racers,NORT,Northwestern Ohio,NAIA Wolverine-Hoosier Athletic
1,541603072,Pride,Clarke,Clarke,Clarke,CLAR,BBC,,541603072,BBC,Pride,CLAR,Clarke,NAIA Heart of America
1,646262255,Trojans,Dakota State,Dakota State,Dakota State,DAKO,BBC,,646262255,BBC,Trojans,DAKO,Dakota State,NAIA Frontier
1,662683004,Bees,St. Ambrose,St. Ambrose,St. Ambrose,ST.,BBC,,662683004,BBC,Bees,ST.,St. Ambrose,NAIA Chicagoland
1,519147839,Eagles,Embry-Riddle (AZ),Embry-Riddle (AZ),Embry-Riddle (AZ),ERAZ,BBC,,519147839,BBC,Eagles,ERAZ,Embry-Riddle (AZ),NAIA Great Southwest Athletic Conference
1,706708992,Webber International,Webber International,Webber International University,Webber International,WIU,BBC,,706708992,BBC,Webber International,WIU,Webber International,NAIA The Sun
1,774790790,Gyrenes,Ave Maria,Ave Maria,Ave Maria,AVE,BBC,,774790790,BBC,Gyrenes,AVE,Ave Maria,NAIA The Sun
1,663584644,Bruins,Bellevue,Bellevue,Bellevue,BELL,BBC,,663584644,BBC,Bruins,BELL,Bellevue,NAIA Frontier
1,590203779,Ravens,Benedictine (KS),Benedictine (KS),Benedictine (KS),BKS,BBC,,590203779,BBC,Ravens,BKS,Benedictine (KS),NAIA Heart of America
1,652802060,Wildcats,Culver Stockton,Culver Stockton,Culver Stockton,CULV,BBC,,652802060,BBC,Wildcats,CULV,Culver Stockton,NAIA Heart of America
1,608976896,Eagles,Midway,Midway,Midway,MIDW,BBC,,608976896,BBC,Eagles,MIDW,Midway,NAIA River States
1,621501534,Warriors,Waldorf,Waldorf,Waldorf,WALD,BBC,,621501534,BBC,Warriors,WALD,Waldorf,NAIA Great Plains
1,810249525,Peregrines,Calumet,Calumet,Calumet,CALU,BBC,,810249525,BBC,Peregrines,CALU,Calumet,NAIA Chicagoland
1,527246726,Tigers,Campbellsville,Campbellsville,Campbellsville,CAMP,BBC,,527246726,BBC,Tigers,CAMP,Campbellsville,NAIA Mid-South
1,571897722,Blue Raiders,Lindsey Wilson,Lindsey Wilson,Lindsey Wilson,LIND,BBC,,571897722,BBC,Blue Raiders,LIND,Lindsey Wilson,NAIA Mid-South
1,523766192,Bobcats,Peru State,Peru State,Peru State,PERU,BBC,,523766192,BBC,Bobcats,PERU,Peru State,NAIA Heart of America
1,740455573,Eagles,Central Methodist,Central Methodist,Central Methodist,CENT,BBC,,740455573,BBC,Eagles,CENT,Central Methodist,NAIA Heart of America
1,699129085,Bulldogs,Concordia (NE),Concordia (NE),Concordia (NE),CNE,BBC,,699129085,BBC,Bulldogs,CNE,Concordia (NE),NAIA Great Plains
1,663391038,Phoenix,Cumberland,Cumberland,Cumberland,CUMB,BBC,,663391038,BBC,Phoenix,CUMB,Cumberland,NAIA Mid-South
1,517454790,Yellow Jackets,Defiance,Defiance College,Defiance,DEFI,BBC,,517454790,BBC,Yellow Jackets,DEFI,Defiance,NAIA Wolverine-Hoosier Athletic
1,606507893,Wolverines,Michigan Dearborn,Michigan Dearborn,Michigan Dearborn,MICH,BBC,,606507893,BBC,Wolverines,MICH,Michigan Dearborn,NAIA Wolverine-Hoosier Athletic
1,639698944,Dickinson State University (ND),Dickinson State University (ND),Dickinson State University (ND),Dickinson State University (ND),DSND,BBC,,639698944,BBC,Dickinson State University (ND),DSND,Dickinson State University (ND),NAIA Frontier
1,784775888,Grizzlies,Georgia Gwinnett,Georgia Gwinnett,Georgia Gwinnett,GEOR,BBC,,784775888,BBC,Grizzlies,GEOR,Georgia Gwinnett,NAIA Continental Athletic Conference
1,637182720,Tigers,Georgetown College,Georgetown College,Georgetown College,GEOR,BBC,,637182720,BBC,Tigers,GEOR,Georgetown College,NAIA Mid-South
1,766104048,Lions,Freed-Hardeman,Freed-Hardeman,Freed-Hardeman,FREE,BBC,,766104048,BBC,Lions,FREE,Freed-Hardeman,NAIA Mid-South
1,697176064,Indiana Institute of Technology,Indiana Institute of Technology,Indiana Institute of Technology,Indiana Institute of Technology,INT,BBC,,697176064,BBC,Indiana Institute of Technology,INT,Indiana Institute of Technology,NAIA Wolverine-Hoosier Athletic
1,509664527,Cougars,Spring Arbor,Spring Arbor,Spring Arbor,SPRI,BBC,,509664527,BBC,Cougars,SPRI,Spring Arbor,NAIA Crossroads League
1,787509562,Wildcats,Indiana Wesleyan,Indiana Wesleyan,Indiana Wesleyan,INDI,BBC,,787509562,BBC,Wildcats,INDI,Indiana Wesleyan,NAIA Crossroads League
1,672924928,Judson,Judson,Judson University,Judson,JUD,BBC,,672924928,BBC,Judson,JUD,Judson,NAIA Chicagoland
1,760709651,Titans,Indiana South Bend,Indiana South Bend,Indiana South Bend,ISB,BBC,,760709651,BBC,Titans,ISB,Indiana South Bend,NAIA Chicagoland
1,578491117,Crimson Pride,Indiana Columbus,Indiana Columbus,Indiana Columbus,INDI,BBC,,578491117,BBC,Crimson Pride,INDI,Indiana Columbus,NAIA River States
1,623250875,Pilots,Louisiana State Shreveport,Louisiana State Shreveport,Louisiana State Shreveport,LSS,BBC,,623250875,BBC,Pilots,LSS,Louisiana State Shreveport,NAIA Red River
1,542848267,Eagles,Avila College,Avila College,Avila College,AVIL,BBC,,542848267,BBC,Eagles,AVIL,Avila College,NAIA Kansas Collegiate
1,782776803,Coyotes,Kansas Wesleyan,Kansas Wesleyan,Kansas Wesleyan,KANS,BBC,,782776803,BBC,Coyotes,KANS,Kansas Wesleyan,NAIA Kansas Collegiate
1,607082430,Knights,Kentucky Christian,Kentucky Christian,Kentucky Christian,KENT,BBC,,607082430,BBC,Knights,KENT,Kentucky Christian,NAIA River States
1,640242176,Lawrence Technological,Lawrence Technological,Lawrence Technological University,Lawrence Technological,LTU,BBC,,640242176,BBC,Lawrence Technological,LTU,Lawrence Technological,NAIA Wolverine-Hoosier Athletic
1,767168632,Gray Wolves,Lourdes,Lourdes,Lourdes,LOUR,BBC,,767168632,BBC,Gray Wolves,LOUR,Lourdes,NAIA Wolverine-Hoosier Athletic
1,741086202,Toppers,Blue Mountain Christian,Blue Mountain Christian,Blue Mountain Christian,BMC,BBC,,741086202,BBC,Toppers,BMC,Blue Mountain Christian,NAIA Southern States
1,749662143,Warriors,Midland,Midland,Midland,MIDL,BBC,,749662143,BBC,Warriors,MIDL,Midland,NAIA Great Plains
1,630446080,Mid America Christian,Mid America Christian,Mid America Christian,Mid America Christian,MAC,BBC,,630446080,BBC,Mid America Christian,MAC,Mid America Christian,NAIA Sooner
1,636980098,Lions,Nelson,Nelson,Nelson,NELS,BBC,,636980098,BBC,Lions,NELS,Nelson,NAIA Sooner
1,778473946,Pioneers,MidAmerica Nazarene,MidAmerica Nazarene,MidAmerica Nazarene,MAN,BBC,,778473946,BBC,Pioneers,MAN,MidAmerica Nazarene,NAIA Heart of America
1,788559959,Pirates,Park,Park,Park,PARK,BBC,,788559959,BBC,Pirates,PARK,Park,NAIA Heart of America
1,686153980,Bears,Truett-McConnell,Truett-McConnell,Truett-McConnell,TMC,BBC,,686153980,BBC,Bears,TMC,Truett-McConnell,NAIA Appalachian
1,690397440,Milligan,Milligan,Milligan College,Milligan,MC,BBC,,690397440,BBC,Milligan,MC,Milligan,NAIA Appalachian
1,798470237,Wildcats,Baker,Baker,Baker,BAKE,BBC,,798470237,BBC,Wildcats,BAKE,Baker,NAIA Heart of America
1,733955370,Lions,Bryan,Bryan,Bryan,BRYA,BBC,,733955370,BBC,Lions,BRYA,Bryan,NAIA Appalachian
1,552271544,Mustangs,Morningside,Morningside,Morningside,MORN,BBC,,552271544,BBC,Mustangs,MORN,Morningside,NAIA Great Plains
1,632075529,Foresters,Huntington,Huntington,Huntington,HUNT,BBC,,632075529,BBC,Foresters,HUNT,Huntington,NAIA Crossroads League
1,691417610,Seahawks,Keiser,Keiser,Keiser,KEIS,BBC,,691417610,BBC,Seahawks,KEIS,Keiser,NAIA The Sun
1,713461040,Mighty Banyans,New College of Florida,New College of Florida,New College of Florida,NCF,BBC,,713461040,BBC,Mighty Banyans,NCF,New College of Florida,NAIA The Sun
1,555648733,Eagles,Oklahoma Wesleyan,Oklahoma Wesleyan,Oklahoma Wesleyan,OKLA,BBC,,555648733,BBC,Eagles,OKLA,Oklahoma Wesleyan,NAIA Kansas Collegiate
1,555904044,Braves,Ottawa,Ottawa,Ottawa,OTTA,BBC,,555904044,BBC,Braves,OTTA,Ottawa,NAIA Kansas Collegiate
1,753726227,Owls,Oregon Tech,Oregon Tech,Oregon Tech,OREG,BBC,,753726227,BBC,Owls,OREG,Oregon Tech,NAIA Cascade Collegiate
1,564257259,Rams,Columbia International,Columbia International,Columbia International,COLU,BBC,,564257259,BBC,Rams,COLU,Columbia International,NAIA Appalachian
1,690395648,Talladega,Talladega,Talladega College,Talladega,TC,BBC,,690395648,BBC,Talladega,TC,Talladega,NAIA HBCU Athletic Conference [formerly Gulf Coast]
1,704849688,Bobcats,College of the Ozarks,College of the Ozarks,College of the Ozarks,COLL,BBC,,704849688,BBC,Bobcats,COLL,College of the Ozarks,NAIA Sooner
1,803906560,Red Storm,Rio Grande,Rio Grande,Rio Grande,RIO,BBC,,803906560,BBC,Red Storm,RIO,Rio Grande,NAIA River States
1,539447317,Eagles,Southwestern Christian,Southwestern Christian,Southwestern Christian,SOUT,BBC,,539447317,BBC,Eagles,SOUT,Southwestern Christian,NAIA Sooner
1,556320668,Moundbuilders,Southwestern (KS),Southwestern (KS),Southwestern (KS),SKS,BBC,,556320668,BBC,Moundbuilders,SKS,Southwestern (KS),NAIA Kansas Collegiate
1,787883120,Swedes,Bethany College,Bethany College,Bethany College,BETH,BBC,,787883120,BBC,Swedes,BETH,Bethany College,NAIA Kansas Collegiate
1,568184576,St. Thomas (FL),St. Thomas (FL),St. Thomas (FL),St. Thomas (FL),STF,BBC,,568184576,BBC,St. Thomas (FL),STF,St. Thomas (FL),NAIA The Sun
1,805189376,Southeastern University Fire,Southeastern University Fire,Southeastern University Fire,Southeastern University Fire,SEU,BBC,,805189376,BBC,Southeastern University Fire,SEU,Southeastern University Fire,NAIA The Sun
1,779362375,Panthers,York,York,York,YORK,BBC,,779362375,BBC,Panthers,YORK,York,NAIA Kansas Collegiate
1,540214160,Warriors,Sterling,Sterling,Sterling,STER,BBC,,540214160,BBC,Warriors,STER,Sterling,NAIA Kansas Collegiate
1,707616822,Bulldogs,McPherson,McPherson,McPherson,MCPH,BBC,,707616822,BBC,Bulldogs,MCPH,McPherson,NAIA Kansas Collegiate
1,577863055,Valor,Evangel,Evangel,Evangel,EVAN,BBC,,577863055,BBC,Valor,EVAN,Evangel,NAIA Kansas Collegiate
1,648367311,Bluejays,Tabor,Tabor,Tabor,TABO,BBC,,648367311,BBC,Bluejays,TABO,Tabor,NAIA Kansas Collegiate
1,576195631,Knights,Marian (IN),Marian (IN),Marian (IN),MIN,BBC,,576195631,BBC,Knights,MIN,Marian (IN),NAIA Crossroads League
1,577499136,Taylor,Taylor,Taylor University,Taylor,TU,BBC,,577499136,BBC,Taylor,TU,Taylor,NAIA Crossroads League
1,669168530,Eagles,Texas A&M Texarkana,Texas A&M Texarkana,Texas A&M Texarkana,TAMT,BBC,,669168530,BBC,Eagles,TAMT,Texas A&M Texarkana,NAIA Red River
1,776873101,Bulldogs,Tennessee Wesleyan,Tennessee Wesleyan,Tennessee Wesleyan,TENN,BBC,,776873101,BBC,Bulldogs,TENN,Tennessee Wesleyan,NAIA Appalachian
1,628856613,Defenders,Dordt,Dordt,Dordt,DORD,BBC,,628856613,BBC,Defenders,DORD,Dordt,NAIA Great Plains
1,658374600,Warriors,Corban,Corban,Corban,CORB,BBC,,658374600,BBC,Warriors,CORB,Corban,NAIA Cascade Collegiate
1,690392064,Grenadiers,Indiana Southeast,Indiana Southeast,Indiana Southeast,INDI,BBC,,690392064,BBC,Grenadiers,INDI,Indiana Southeast,NAIA River States
1,511768596,Patriots,Mission,Mission,Mission,MISS,BBC,,511768596,BBC,Patriots,MISS,Mission,NAIA American Midwest
1,514738396,Statesmen,William Penn,William Penn,William Penn,WILL,BBC,,514738396,BBC,Statesmen,WILL,William Penn,NAIA Heart of America
1,611523840,Lady of Lake,Lady of Lake,Lady of Lake,Lady of Lake,LOFL,BBC,,611523840,BBC,Lady of Lake,LOFL,Lady of Lake,NAIA Red River
1,544437687,Wildcats,Bethel (TN),Bethel (TN),Bethel (TN),BTN,BBC,,544437687,BBC,Wildcats,BTN,Bethel (TN),NAIA Mid-South
1,660863828,Tigers,Olivet Nazarene,Olivet Nazarene,Olivet Nazarene,OLIV,BBC,,660863828,BBC,Tigers,OLIV,Olivet Nazarene,NAIA Chicagoland
1,602730223,Mustangs,The Master's,The Master's,The Master's,THE,BBC,,602730223,BBC,Mustangs,THE,The Master's,NAIA Great Southwest Athletic Conference
1,520328359,Skyhawks,Point,Point,Point,POIN,BBC,,520328359,BBC,Skyhawks,POIN,Point,NAIA Southern States
1,736352697,Buccaneers,Park Gilbert,Park Gilbert,Park Gilbert,PARK,BBC,,736352697,BBC,Buccaneers,PARK,Park Gilbert,NAIA Great Southwest Athletic Conference
1,678871742,Owls,William Woods,William Woods,William Woods,WILL,BBC,,678871742,BBC,Owls,WILL,William Woods,NAIA American Midwest
1,526343249,Pioneers,Spartanburg Methodist,Spartanburg Methodist,Spartanburg Methodist,SPAR,BBC,,526343249,BBC,Pioneers,SPAR,Spartanburg Methodist,NAIA Appalachian
1,635240937,Eagles,Alice Lloyd,Alice Lloyd,Alice Lloyd,ALIC,BBC,,635240937,BBC,Eagles,ALIC,Alice Lloyd,NAIA Continental Athletic Conference
1,509518464,Bears,Pikeville,Pikeville,Pikeville,PIKE,BBC,,509518464,BBC,Bears,PIKE,Pikeville,NAIA Appalachian
1,567953761,Firestorm,Arizona Christian (Southwestern),Arizona Christian (Southwestern),Arizona Christian (Southwestern),ACS,BBC,,567953761,BBC,Firestorm,ACS,Arizona Christian (Southwestern),NAIA Great Southwest Athletic Conference
1,581613125,Yellowjackets,Graceland,Graceland,Graceland,GRAC,BBC,,581613125,BBC,Yellowjackets,GRAC,Graceland,NAIA Heart of America
1,706974669,Mustangs,Central Baptist,Central Baptist College,Central Baptist,CENT,BBC,,706974669,BBC,Mustangs,CENT,Central Baptist,NAIA American Midwest
1,649839364,Spartans,Missouri Baptist,Missouri Baptist,Missouri Baptist,MISS,BBC,,649839364,BBC,Spartans,MISS,Missouri Baptist,NAIA Heart of America
1,647981380,Falcons,Friends,Friends,Friends,FRIE,BBC,,647981380,BBC,Falcons,FRIE,Friends,NAIA Kansas Collegiate
1,509156021,Pilots,Bethel (IN),Bethel (IN),Bethel (IN),BIN,BBC,,509156021,BBC,Pilots,BIN,Bethel (IN),NAIA Crossroads League
1,561792957,Tigers,Central Christian,Central Christian,Central Christian,CENT,BBC,,561792957,BBC,Tigers,CENT,Central Christian,NAIA Sooner
1,825353104,Lancers,Grace College,Grace College,Grace College,GRAC,BBC,,825353104,BBC,Lancers,GRAC,Grace College,NAIA Crossroads League
1,840040917,Larks,Hesston College,Hesston College,Hesston College,HESS,BBC,,840040917,BBC,Larks,HESS,Hesston College,NAIA Continental Athletic Conference
